positive,来紫琅湖听个音乐节，竟偶遇小米SU7 Max
positive,我一直说“我不信小米汽车SU7操控比Tesla Model 3好”对么？而且这并不是Tesla  Model 3 Performance版本，只是普通全轮驱动版本。
positive,各家语音控制，谁最强？
positive,小米 SU7 Pro 版本终于交付了，作为一台 400V 的车型，这台车的续航能力、充电效率相比 800V 的车型有优势吗？
negative,嘿嘿嘿，现在华为杀回来了，小米汽车会尴尬吗？
positive,Xiaomi Ultra Prototype  对团队来说有太多的跨越，太多的新认知，太多的第一次，对每个设计师而言都是绝无仅有的经历与挑战。
positive,小米这个门店目前已经覆盖30个城市，一共87家
positive,雷总刚刚直播透露，目前小米汽车新订单，其中女士车主订单量已经达到了40%，而实际女士开车的车主，应该已经过半了！
negative,小米汽车工厂底薪只有2400？早八晚八一周六天！
positive,论营销，国内车企甚至全球车企都比不过小米。这么大的现金流，不考虑一下进军F1吗？不用自己造，冠名赞助一支就行。
positive,小米 SU7 收到更新了，晚一点试试看怎么样
positive,别说，还真像法拉利purosangue
negative,问界M7累计交付已经超20万辆！
positive,小米自研的声音大模型将在 8 月首次应用于小米 SU7 车型，提供车外唤醒防御功能。大家觉得车外唤醒防御功能实用吗？
negative,【小米SU7狂飙100天，雷军亏本黄牛狠赚】
positive,本周六肖爽总去吐鲁番夏测直播，小米SUV首次亮相？大型预热活动？
positive,小米SU7亮相巴黎街头，甚至还有人学会了”小爱同学“的发音
positive,小米SU7来到了巴黎进行展示，很多人已经学会了“小爱同学”的发音
positive,小米 SU7  OTA 1.2.3开始推送
positive,【雷军：小米汽车SU7 Ultra量产版明年上市】
negative,【140年汽车工业没人想到的事，雷军交了智商税】
positive,小米汽车上周交付1500辆
negative,小米SU7上市前后，各种舆论爆棚，各种营销碾压，革命似的追捧。最近订单下来了，又出来了不少诸葛亮，你看吧我早就说过粗粮不行的，当时那是海市蜃楼，还得是菊花稳的一匹
positive,在那庄严的瞬间，当他行礼，我心中明了，那位征服巨龙的少年再度归来！
positive,小米SU7，上周交付1500台，7月累计7500台。
positive,收一台 标准版 小米SU7 + 20寸梅花轮毂   二手车 ~订单都可以
negative,这算不算实锤
positive,雷军揭秘明年上半年小米SU7 Ultra量产车将会开售！
positive,赛道博主的新玩具来了，这次刹车皮应该不会太薄
positive,雷军：现在小米汽车工厂已经改造完毕，很快产能就可以提上去了
positive,雷总又说有点贵，你觉得小米 SU7 Ultra 会多少起售？
positive,雷军在返场直播中透露，SU7 Ultra 的量产版将于 25 年上半年来，与原型车（prototype）拥有同样的动力（双 V8s 和 V6s，1548bhp），同样的底盘，和同样的电池技术（宁德时代麒麟 II 首发），但是由于成本和定位的问题量产版不会有全碳覆盖件。同时，SU7 的赛道套件已经进入了最后的测试阶段，将会很快 ​
positive,小米巨能打羽毛球�？刚刚雷总说先老老实实做好SU7车模型
positive,原来小米SU7上市之前，蔚小理也参与了猜价格
negative,防晒衣质量真好，下面做到齐平就这么难吗？
negative,上周，小米Su7 1500，黑稿要来了。
negative,营销之王雷军，已经代替了马云，成为新一代的企业家教父
positive,虽晚，但必到！
positive,这次测试后发现，小米SU7在出行成本这块儿竟然比高铁大巴还要省。
positive,小米汽车发布了《纽北攻略2》，解释了纯电车挑战纽北赛道的难度，从轻量化、电池功率与散热性、热管理等方面说明了小米 SU7 Ultra 为挑战纽北赛道做出的努力。
positive,拍了一天素材才回来，先来说下
negative,在线钓狗
positive,刚刚我停在地下车库玩手机，隔壁一位邻居女士过来，问我车子落地多少钱，然后续航怎么样，说她老公很想买
positive,小米官方表示，本次事故是在官方极限测试时发生的，为了摸寻赛道相关零部件的极限性能，所以进行了长时间激烈驾驶。整个过程是在封闭包场环境下测试，现场无人员受伤，目前车辆已经运回测试中心进行内部调整。请用户切勿在车辆原厂状态下，冒然挑战极端的赛道工况，确保人车安全。
positive,周榜来了（7月 15-21 日）
negative,这米粉不得给他微博冲烂？什么罗永浩行为？？？
negative,谁能想到雷军的年度演讲还有续集
negative,小米SU7 Ultra，雷总这是要掀桌子了
positive,从重庆到成都到底最便宜的交通工具是什么？是大巴车还是高铁？其实都不对，这次我们就用小米SU7来帮大家验证一下，什么才叫最便宜的出行工具！
positive,小米汽车回应小米SU7金港赛道上墙：系测试相关赛道升级零件
positive,雷军PK朱华荣，谁是车圈老总漂移王？
positive,小米SU7 Ultra原型车正式亮相，搭载小米V8s超级电机，1.97秒零百加速，定义速度新标准。
positive,真的假的？没有省流，需要看完节目。
negative,是退出价格战还是退出中国市场？一旦没有合约精神的印象形成，那距离退出中国市场也就不远了。
positive,小米 SU7 Ultra 原型车是怎么设计出来的？
negative,据说原视频是老奶奶控诉商场，然后躺车底下了……
negative,武汉确实很热
negative,这句话问得极其有水平
negative,小米su7再次冲出赛道！根据媒体报道，又有一辆专业赛车手驾驶的小米su7，在老金港赛道测试时发生事故！希望车手没事！
positive,小米，这设计咋样？瞒帅的！
positive,小米SU7 Ultra刚刚发布，这完全就是一台官方爆改的赛车。之前
positive,小区对面马路上看到一辆小米，第一次看到小米，圆乎乎的，颜色蛮亮眼
positive,经常看到宣传加速的多快的手机厂造车的互联网公司，极速刹不住车，相比起其他车企，按这个交付量也没有这么多车主踩不住刹车。当时造手机俗称“暖手宝”，造车可别变成“刹不住”。年轻人不仅仅想要速度快，更想要刹得住的人生安全。
negative,小米Mix Fold 4摄像头过热的原因，或许找到了？
negative,莫愁前路无知己 小米酥妻更懂你
positive,深蓝与阿维塔去年合计亏损66亿元，长安汽车董事长朱华荣感概:“雷军有能力，帅气，还虚心，真是太可怕了！这是一场真正的不对称竞争与降维打击。"
negative,网友爆料，小米su7又双叒冲出赛道了，据说车辆刹车进行了改装，但愿人没事。
positive,雷总的飞驰人生，大家觉得雷总帅吗？
positive,雷总在直播中深情致谢榜首大哥陈年，感恩同行。
positive,小米汽车的财富深度究竟几何？内容源于小丹尼的著作《看似憨厚的雷军，实为投资界的先知？》
positive,小米发布了第四十七集答网友问。
negative,小米电动车没意义？？？
positive,路透社报道，特朗普对小米汽车的“贡献”！
positive,甭管是不是量产车，就算是非量产的，如果他真能做到ppt上这些数据，也算牛逼！！
positive,Ultra全碳设计01 1.9S. [Wow]
positive,终于买到车模了
positive,整理了下小米 SU7 最新的答网友问信息：
positive,雷总邀请国内车厂的老板们一起上赛道、比圈速、玩漂移
positive,⚡皮卡丘揭示了小米SU7 Ultra概念车的秘密！它率先采用小米V8s电动机，革新了气动布局，让驾驶体验宛如“地面飞行”。全车采用碳纤维构造，轻量化至1900kg，拥有1548马力，从静止到百公里只需1.97秒，极速超过350公里/小时！
positive,网友评论雷军身上的小米logo赛服，雷军神回复，意料之外又在情理之中
positive,靠，小米完胜
positive,广州真的好多小米SU7 ，尤其是市中心
positive,昨晚听完军儿的年度演讲
positive,小米SU7性能版揭晓，全碳构架设计预估售价几何？
positive,小米SU7 Ultra：采用全碳纤维构造，极致轻巧
positive,小米创新超跑
positive,全球四门速度王者揭晓：
negative,怎么尽说大实话！这样会被小米公司法务制裁的！
positive,2024年雷军的年度演说 即将拉开帷幕～现场气氛简直令人惊叹～
positive,小米Su7即将揭晓售价！今日竟意外提前曝光...
positive,小米SU7 Ultra正式推出，纯享系列
positive,一句句的“军儿”称呼，实际上是对即将步入老龄阶段的人的一种轻视
positive,不是布加迪买不起，而是小米SU7 Ultra更有性价比
negative,以前车厂想吹牛就得搞个概念车，现在直接ppt画饼了�
positive,军儿，收手吧！
positive,雷总身怀绝技？猜猜我在哪个席位，宝贝们，我真是兴奋异常，雷总，我这就来啦！????
positive,雷军揭示投身汽车制造的背后动机，提及李斌与何小鹏的持续劝说
positive,雷军感慨：确实，自创的梗由本人来呈现才更具魅力
positive,雷军亲自操控小米SU7展现漂移技术，他在年度演讲中首次公开了这则亲子驾驶SU7的漂移录像，不知你给这段表演打多少分呢？
positive,今晚小米的发布会上，
positive,发布了头条文章：《小米SU7 Ultra Prototype：全球首发，剑指纽北最快四门电车》
positive,ONE MORE THING！
positive,胡总是前公司合同到期了，目前是雷总的顾问！
negative,小爱同学得优化了。
positive,其实在性能电动车的领域，真正领先的就那么几个牌子。比如特斯拉，比如保时捷，它们家的电动性能车在纽北都十分强悍！而小米如果能在纽北刷倒保时捷或者特斯拉，它的高端性能之路就算成了，真正的扬名立万啊！
positive,有志者事竟成～ ​​​
positive,这不就是⚡️皮卡丘吗
positive,想想以前还老说3秒俱乐部已经很牛了
positive,2024 雷军年度演讲
positive,你怎么知道我又抢到了1️⃣辆
positive,小米SU7 Max 提车三个多月了。
positive,雷军：勇气是最伟大的赞歌！
positive,【小米发布首辆赛车SU7 Ultra！挑战全球最速四门车，但最好看的是雷军】
positive,苹果造车十年都干不成，凭啥小米三年就能开成？
positive,虽然已经不在米米了，但还是会准时收看雷总演讲！他的真诚总是能打动我，让人真的相信他是在好好做产品，实际到一线真正执行的怎么样不说，但是创始人的态度真实感受到了，即使成品有些小瑕疵也是完全能包容的~
positive,为何苹果十年没干成造车，小米三年就干成了？
positive,我看到了一个坚定的身影，身后有千军万马。
positive,2024年听雷军年度演讲
positive,小米汽车正式向纽北发起挑战：十年内成为纽北最快的四门电车
positive,小米汽车又在塑造新的顶峰，瞧瞧这辆小米SU7 Ultra，真的是打破了现阶段国产超跑的天花板，挑战保时捷并战胜保时捷的目标似乎不再远。不过这款车咱们也就看看，别问量产和售价，雷军都表示“我看了都嫌贵”！
positive,雷总刚刚宣布，小米SU7 Ultra 原型车将在 10 月挑战纽北圈速榜！
positive,雷军造车原因，是因为被美国制裁，如果手机不能做，小米的未来在哪里？那就造车吧
positive,雷军：当时请了 23 位媒体人，都说卖不动。纯电轿车每月 3000 辆就烧高香了。
positive,这次发布会的长文，现在就等OneMorething了
positive,小米MIX Flip搭载骁龙8 Gen3，5000万主摄，5000万长焦，可以45~120°悬停，内置4780毫安时电池，支持67瓦闪充。
positive,小米汽车又热搜了，某个生物群体估计又又又破防了。笑死��。
positive,勇气是什么？听一下雷军怎么样回答
positive,雷军年度演讲：
positive,现在中报业绩预告正在如火如荼的进行线，有业绩大增的，也有业绩大减的，不管增或者减，大家都不要买到暴雷的，一脚踩雷深似海，苦海无涯，现在大家面临的问题就是如何避雷，其实方法也很简单，不要到雷区去就可以了，那么如何分辨是不是雷区，最简单的就是看基本面，看他的营业收入和净利润，有人说这 ​
positive,试驾赛车的雷军，太勇敢了
positive,小米小折叠终于来了！
positive,笑死
positive,雷军今晚直播讲解小米汽车：
positive,小米汽车，雷军为小米汽车注入灵魂…
positive,小米 CEO 漂移和类星频道 CEO 漂移。
positive,小米SU7还没公布前，大家都在质疑销量，在定产量时，小米公司内部也各说不一，最后顶着重重压力下，雷总拍板产量预估7.6万辆，结果4分钟大定突破 10000台，27分钟 大定突破 50000台，用雷总说的话，这聚集了小米4万多员工的勇气，5月份小米SU7把交付目标定位保底10万辆，雷总面对恐惧，依然坚定不移。 ​
positive,雷军年度演讲，小米汽车不收购不代工，从核心技术起造好车
positive,雷军居然亲自下场用
positive,坚持做难而正确的事，这句话确实是成功的必由之路！我平时就是做简单而正确的事
positive,雷军，以科技为笔，梦想为墨，绘就了智能时代的辉煌篇章。他的远见卓识与不懈创新，不仅引领了行业潮流，更深刻改变了我们的生活方式。向这位时代的探索者和引领者致以最高的敬意，雷军，您是我们心中的科技之光！
positive,已经进入产品发布的环节，终于有机会来说说演讲的部分了。
positive,雷军：100份报告也替代不了和一个真实用户面对面的沟通
positive,雷军造车第一步 自己开车
positive,军儿，加油，下一辆汽车一定买小米汽车
positive,雷军：2周聊了300人，首先要造小米工程师都想买的车
positive,我觉得雷军在互联网有这么大的流量主要有两个点。作为一个企业家，谈吐面相给人一种很干净的感觉，很多企业老板在这个年纪已经有油腻味儿，身材挺拔身型保持得也比较好，说明平常生活饮食都比较健康规律。还有一方面，每次开发布会或者演讲，言语间有股随和的魅力，重点是很真诚，给人的印象很深。难怪 ​
positive,帅翻了
positive,《雷 军 表 演 漂 移》不接受一帧一帧看，大家糊弄着看就可以了
positive,雷军表演漂移
positive,雷总你是真的帅，男神
positive,【雷军：什么都还没有，小米汽车就能估值百亿美元】
positive,这大尾翼，看来要宣布运动版的一些消息了
positive,小米SU7新型车预告图，今晚首发。
positive,用这海报，难不成网传的“高性能版”今晚发布
positive,录视频的大姐太逗了，来一句“这车自动着火了”
negative,现在都是什么鬼操作，车辆出事故先拿车衣把车盖起来
positive,小米第二台车前段时间才刚有测试车的身影，没想到这么快第三台车都有消息了！
positive,这就是小米汽车的实力，停到哪里都是焦点，随手拍
positive,第二款法拉米还没有整明白
positive,据说小米第三款车会是增程SUV
positive,小米汽车SUV路试首曝！2025年上市
positive,震惊！小米su7大卖的原因终于找到了？
positive,没有被拉过横幅的汽车品牌，是不完整的。
positive,上周数据（7.1-7.7），这周各家销量都有所下滑，小米周销量却冲到了3700辆，增加了500台，看来产能还在爬坡
positive,周销量如约而至（7.1-7.7）
positive,近日，有媒体报道小米汽车计划在 2026 年推出其第三款车型 —— 一款面向家庭用户的增程 SUV。
positive,小米一款车，周销3700辆
negative,最近看小米su7镀银这事，可给我恶心坏了。
positive,小米下一辆是增程车？定价15万？
positive,24年27周（7月1-7日）中国市场部分品牌新能源汽车销量排名！除了小米所有品牌周销量全部大跌，理想连续11周新势力第一！
positive,小米汽车新品蓝图揭露：规划涵盖7款不同车型，同步推出增程型SUV与全电动轿车
positive,问：网传小米后续还有增程车型是真的么？
negative,我觉得吧，很多人买了这个车，开到路上，内心不够强大；开在路上被异样的目光看着，尤其是在宁波 上海。这种地方，有种屌丝装土豪的感觉.
positive,小米手机小米汽车在互联网上不是快倒闭了吗？怎么2024年第二季度手机国内销量第二名了，全球销量第三名了呢？小米汽车成为最快周销量突破3700辆，月销量破万的汽车厂商！快倒闭了，为啥还有这么高的销量呢？到底是什么原因啊？
positive,探索小米SU7的独特创新在哪里？
positive,这个夏天
positive,【不懂就问系列】真是“法拉米”……？
positive,看笑了，一台保时捷烧了，42万人对被烧的是小米还是保时捷展开了激烈的讨论！
positive,传闻小米汽车正在规划增程式产品，对此官方予以否认
negative,在遥遥领先世界，只有低到尘埃里面的消费者，维权比群众信访还艰难！
positive,浙江金华一私家车冒烟后多次复燃，消防最后用沙袋围水给电池降温。有意思的是，评论区网友分不清谁是谁，你看是谁？
positive,比亚迪周销量5.88万辆
negative,小米生态链公司创米数联奖品一直不发，多次留言问为什么不发，无人回复。给
positive,小米汽车对开门专利获授权
positive,更新一下车模的车位
negative,真有一辆小米su7，外观确实挺好看的，不过这个名字取的真不好，su不就是“输”的谐音吗？
positive,吉主任在线问诊，42万人激烈讨论被烧的车是小米还是保时捷，到底怎么个事
positive,看下几家三包有效期里面对电池衰减限值对规定：
positive,这一次雷总年度演讲可能会提前到和本次手机发布会一起进行。
positive,今天是小米集团上市6周年的时间。
negative,某米汽车这些天能把我笑死，不是失去动力，就是翼子板飞了，就是尾箱夹手，一共才交付几辆车呀？
positive,最懂年轻人的小米？SU7全面体验「玩具龙」
positive,小米升级支持遥控泊车这么久了，我还是头一回用
positive,不懂就问，这是真的吗
negative,真的，我求求鬼火们别买小米su7
positive,等待了三个月的小米汽车终于交付了
positive,路遇一台小米SU7标准版，在芜湖我还是第二次遇到
positive,懂车帝说第一？我有自己的说法~SU7目前我觉得最合适年轻人开的车
negative,从此小米又少了一辆完好无损的创始人版了
negative,懂车帝夏测，测试车辆小米SU7冲出赛道。驾驶员是马清华，中国顶级职业车手！他驾驶的小米汽车冲出赛道，职业选手都没控制住！接受采访时说，小米汽车动力和刹车不匹配，有很大问题！你觉得是他操作失误，还是小米汽车的问题？
positive,做为一名汽车界新兵，雷军究竟是靠着什么样的妙招在极卷的情况下杀出重围的呢？斗子侃车认为，
positive,热度过后的小米SU7，我们举个栗子
negative,某品牌心虚了吗？居然到处投诉下架自媒体作者的内容，包括我的。一大早在b站下架了我所有关于“某汽车品牌涉嫌买水军买热搜”的新闻报道！然后头条也对我的内容恶意举报投诉！其它自媒体作者也反应被全平台投诉下架！
positive,一眼看过去哪个颜色最好看？
positive,上海泽城盛盈投资控股集团有限公司跨界动态之重庆百货投建小米汽车2S店！重庆百货（600729）加码新能源品牌汽贸业务。公司7月6日披露：董事会审议通过议案，同意下属全资子公司重庆商社汽车贸易有限公司（下称“商社汽贸”）投资设立全资子公司重庆商社万里汽车销售服务有限公司（暂定名，下称“万里汽 ​
negative,漫长的三个月等待，
positive,不同品牌的语音操控较量
positive,上海市黄浦区东江阴街偶遇霞光紫小米SU7
positive,根据乘联会数据显示，小米6月的批发销量为14296辆，这也是6月小米开双班后第一个完整交付月。
negative,投资者提问：
negative,网友直白，买特斯拉最大的原因就是不转弯抹角说最直白的，就是不信任国产车。
positive,小米汽车第三款来了
positive,小米的第三款车是增程，预计2026年上市
negative,笑不活！小米su7赛道测速也被恶意投诉！小米公司又在四处恶意诋毁、造谣抹黑自媒体作者！
positive,最新报道称，小米汽车第三款车型定为增程SUV，计划于2026年推出
positive,小米SU7车主都拉上横幅了？重点是华为手机拍摄，网友都觉得这是摆拍，你觉得呢？
positive,划重点: 【用消费电子级别的硬件替换不涉及功能安全的车规级部件】
positive,小米SU7推出智能底盘氛围灯，提供六种颜色灯光效果，将于今日10点起开售，售价999元。
positive,小米su7冲榜战绩不错，接下来下半年期待xxx新品。
positive,各家语音控制，谁最强？
positive,我一直说“我不信小米汽车SU7操控比Tesla Model 3好”对么？而且这并不是Tesla  Model 3 Performance版本，只是普通全轮驱动版本。
negative,今天周二放榜时间，好像没什么人关注小米汽车上周交付量了？
positive,小米汽车目前正进行产能爬坡，其积压订单量仍非常可观
negative,震惊！小米su7追尾问界M5！车门难打开？消失的问界！交通事故！
positive,日媒汽车杂志《Bestcar》的主编渡边先生对于小米SU7的动向十分关注，不过在这次试驾过SU7之后，这台车给渡边先生带来的印象可谓是非常震撼，超乎想象。今天的视频就来跟我们一起看看渡边先生如何评价这台小米SU7吧。
positive,小米汽车6月份销量数据11603台，
positive,朋友们，晚上停车别太依赖自动泊车，后视镜常看看，周围环境常观察，品牌开发功能时也不要太激进，不行就退出泊车，至少尽到提示义务。毕竟现实生活中，几个人认真看车主手册（该看还是要看的噢）
positive,小米su7底盘氛围灯怎么玩 作为车主已经学会了自适应（怎么打开）
positive,把安装好的车内摄像头添加到了车机米家管理中了。
positive,酥妻亲问界M5
positive,2024年6月中国市场部分主流新能源汽车品牌销量排名！多个品牌创历史新高或年内新高！
negative,我米还是很不戳的
positive,小米牛逼
negative,震惊！小米su7撞击问界M5！【行车记录仪完整版】
negative,小米SU7追尾问界M5，你觉得谁赢了？
positive,小米SU7信号📶教授解释的很清楚，网络黑子真是太多了
positive,一直都传小米SU7产能爬坡，这下官方消息来了，雷总表示表示SU7交付时间缩短了5周，此外近期产线还会调优维护，说明之后还会更短，看看最终能提升到多少
positive,全球首创无边框后视镜——小米又赢了
positive,能打败雷布斯的人，只有余大嘴了吧
positive,按照乘联会的数据更新了一下图表，小米SU7六月的销量应该是11603台，官方海报还是保守了
positive,有没有我喜欢的up主到场
positive,关于小米汽车工厂停工的传闻，王化予以澄清，指出近期生产线将进行优化升级维护，从7月开始，车辆交付速度将会显著提升。小米汽车的进程稳步加速，敬请期待。
negative,如果是在国外：处罚小米恶意营销带来网络效应，罚款1000万？国内处理就随随便便找个个人顶包完事了
positive,新能源汽车制造商激烈角逐价格策略，小米汽车是否能跟上步伐？
positive,比亚迪汽车将于 7 月 4 日 11:30 举行比亚迪泰国工厂竣工暨第 800 万辆新能源汽车下线仪式，官方今日发布预热视频，口号为“出海有多难中国品牌就有多敢”。
positive,现在小米的提车小礼物好像又有了新变化，刷到有说不送花了，改送一个雨伞+冰箱贴+小扇子
positive,没想到MAX居然拿了懂车帝的榜单第一，那我也来说下我的实际能耗数据吧哈哈哈！
negative,小米汽车999的氛围灯，不知道谁想的做这个东西，好好的车搞得很廉价，直接从中高端变成廉价车了，产品经理可以开了。
positive,搞笑的对比图，明明小米su7没有成绩，但是非要和智界S7放在一起，并且右侧是“败方”！
positive,截止目前公司里看见了五款苏七
positive,绿色能源车销量暴涨，奢华品牌BBA面临挑战
positive,哦我的宝贝们，想知道小米su7的各种车型吗？我知道你很想，那么…我们不妨让小爱同学告诉我们吧，咔嚓
positive,小米SU7，才是电车天花板。
positive,雷总还是强~
positive,小米汽车 6 月交付量居然破万了！这真是太让人惊讶了！
positive,关于小米开城市 NOA 的问题，我去问了一下客服
positive,21.59万起！小米su7杀疯了，雷神起飞，四分钟卖了一万台！会买吗？
negative,我来洗车。。。刚洗就开始下雨我真的麻了【查了天气最近一周不下雨
positive,世界人工智能大会就和上海的气温一样火热🔥
positive,分享，小米汽车 点赞出行，选择小米汽车，不仅意味着享受智能科技带来的便捷，更是一种生活态度的选择。小米汽车以创新为驱动力，不断追求卓越，致力于为每一位用户打造极致的出行体验。每一次驾驶，都是对科技与生活完美融合的深度体验。选择小米汽车，让出行变得更加智能、舒适和充满乐趣! #好物推荐 ​
positive,XIAOMI SU7  有想要的吗
positive,小米内部召开了一场SU7发布99天的总结会
positive,这里不仅是车辆订购和交付的中心，也是感受小米汽车品牌文化和科技体验的好地方，更能感受到数百台小米SU7停放在一起的震撼场面。
positive,今天是小米SU7发布99天 雷军与小米汽车团队聚餐庆祝
positive,做这个图人真是个人才啊
positive,更懂你、更精准、更好玩就是“小爱同学”。
negative,雷总花钱找关系就可以卖了？其他车企出一个车都跑几百万公里，小米su7跑几万公里就行了？把汽车做成快消品真是佩服雷总，就是有点费米粉！就凭他发布会宣传各种【最】开头的形容词来说，如果没花钱搞定早就被罚的裤衩都不剩了
positive,蔚来：小米汽车这无忧包我熟啊！
positive,小米汽车百日营销贺礼！
negative,1999元的全碳公路车，我做梦都不敢这么做
positive,教大家如何一招逼晕小米SU7的小爱同学！
positive,颜值还行，驾驶感也不错，内饰也很有质感，不得不说雷布斯有点东西
positive,小米汽车今天上架了无忧服务包，一共包含了9项权益，价格1299元，不过上门补胎只有指定城市才能享受权益。挺好奇小米无忧服务包的权益不会也是“通用”的吧
positive,小米的同事真的很靠谱！我前几天发了一个我安装底盘氛围灯有些bug的视频，小米的工程师看到了，第一时间联系我，然后拉了个群来解决问题。
positive,今天是限量版的米粉女孩
positive,小米汽车的OTA更新
positive,有意思，小米汽车好像要在我们芜湖有动作了！
positive,如果小米第一款SUV小米SU8长这样？
positive,3月小米SU7卖了357辆
positive,昆明小米之家公园1903店盛大开业，小米SU7不愧是顶流，现场人山人海，霞光紫的SU7太漂亮了，我们愿意同雷总一道，同小米一道，为小米汽车而战，祝贺开业大吉，小米汽车大卖，小米之家大卖，
positive,今天是米粉车主慧上线[锦鲤附体]
positive,夏日傍晚江边的微风没有人能够拒绝
positive,今天在济南看到了小米汽车正在装修的店，然后就去实地探访了一下。据悉济南店将于7月10日开业，这也将结束山东省会济南没有小米汽车体验中心的历史。跟随我看看小米汽车济南店的设计吧。
negative,某车帝直播大型翻车现场，笑死了，驾驶员是马清华，中国顶级职业车手！由他驾驶的小米汽车冲出赛道，职业选手都没控制住！接受采访时说，小米汽车动力和刹车不匹配，有很大问题！
positive,笑死来看小米SU7的大部分是男大，不过有一说一真的蛮🆒的
negative,小米喜欢用的老套路，所有质量都很差但是把一个点花钱弄到制高点，用的其他配件都很廉价，所以整体体验和质量就不行。好比以前小米手机进入市场的时候，只是 cpu 用最好的，然后超频，但是烧主板、烧蓝牙、烧屏幕，啥都容易坏，然后口号是：为发烧而生！你说买个手机当冤种没啥大问题，下次不买找你就 ​
positive,小米SU7的颜值确实太惊艳了。
positive,小米全新SUV仿佛 法拉利的灵感再现，能否复制SU7的销售奇迹？
positive,雷军向大家展示闪灯找车，被网友调侃2399的雅迪也有这功能
negative,某数码汽车品牌雇佣水军被查！禁上热搜三个月？
negative,网传小米su7突然失控，在加油站冲破围栏冲入绿化带翻车，一家三口重伤进ICU。这是踩错加速踏板还是车的问题？期待权威调查结果（具体等官方媒体报道）
positive,参加武汉小米车友会，车主竟然都这么有实力？
positive,太帅了呀
negative,我把关于小米汽车挡风玻璃的微博，同步到头条发了一次，感受到了这个世界巨大的偏见，饱和式攻击，这你米还能坐得住，也是人才，查查有没有推手吧~
negative,被余承东贴脸嘲讽后，小米SU7决定偷偷换前挡
positive,作为上个月的网红，小米SU7和理想MEGA还有热度吗？于是我们开着韩总的SU7，带着胡总的MEGA出街感受一把。
positive,晚安，小米SU7。
positive,都说小米 SU7 Max 和 SU7，是小米今年最热闹的车型。
positive,早上好呀~上班去啦！
positive,在万象城停车场碰到了同款的雅灰！
positive,发布了头条文章：《中国汽车出口销量排行 奇瑞遥遥领先 比亚迪强势超越特斯拉》
positive,全球首搭第五代DM技术
positive,奖池都叠加到20万了，秦L向全网发起的两千公里续航挑战赛，你们确定不参加一下？
positive,发布了头条文章：《比亚迪“全球第一辆插电混动汽车诞生地”揭牌仪式在西安举行》
negative,都尼玛在吹比亚迪吧，作为2021款老韭菜，老刺猬，别的不说了。吊车同一个气囊SRS报警，已经出现五六次了，每次去4S店搞完过几个月又出来，你们不是技术牛逼么，这点小问题是不是都不会根治，还是觉得老车主售后可以糊弄。售后也是出了奇的摆烂，基础都做不好，还天天卖新车？是不是卖漂了？
positive,以前是手机界有小米，现在是汽车界有比亚迪？民众首选？
positive,【比亚迪混动汽车邮箱】
positive,受邀参加比亚迪粉丝之夜，尽管西安的天空飘着细雨，但丝毫不影响现场的热烈气氛。雨水似乎成了这场盛会的背景乐章，为这夜晚增添了几分浪漫与诗意。尽管天气不佳，但雨水并没有浇灭大家的热情，反而让这场粉丝之夜更显珍贵和难忘。
positive,我的三辆小car
positive,比亚迪滚装船装载5459辆新车抵达巴西
positive,比亚迪秦L DM-i 颜值高质感好 续航2000+ 不到十万的超值选择！
positive,5月28日，比亚迪在西安发布了第五代DM技术！亏电油耗2.9L，满油满电续航达2100公里，发动机热效率达46.06％，全球量产第一！
positive,发布了头条文章：《新平台新车型齐发！比亚迪e平台3.0 Evo与首搭车型海狮07EV福州震撼上》
positive,【2024粤港澳大湾区车展】BYD纯电出行方案，电气化工具车实拍
negative,有没有数学学的好的，帮算一下秦L也要每公里得多少钱，我算懵了
positive,常胜冠军 顶流实力！
positive,比亚迪系列车型多样，总有一款适合你
positive,智能驾驶 实力领跑
negative,朋友们！我们去深圳出差打车遇到了从业七年之久的
negative,为何比亚迪秦L选择增大油箱减少电池呢？
positive,不管你是卷价值还是卷价格，最后消费者都会受益，如果能做到技术好，品质好，还能卷价格，那只能说明这家企业它很强，因为同样的东西，这个价格你做不出来
positive,明天就是高考日，祝愿所有的学子们考上满意的学校！全力以赴，拼搏不止！
negative,给大家泼一盆冷水，来讲讲秦L可以改进的地方，以及为什么只有比亚迪才能给到秦L这样的车型起售价9.98万？剩下的就是“吹”了...
positive,千媒众测工业奇迹秦l，比亚迪秦LDM-i满油满电综合续航2100km。
positive,车圈应该继续卷吗？
negative,比亚迪重庆八公里尚盈海冠汽车销售服务好垃圾，一副爱买不买的批样儿，咨询一下车展期间的活动，还一副老子浪费她时间的死样儿，把我气的直接说走，还给我冷笑一下，你们这个服务态度祝你们原地垮掉
positive,说比亚迪卷王绝对是褒义词，华为也是卷王，只是卷的方向不一样而已；比亚迪目标是把丰田干掉，华为率领的问界和其他三界目标暂时是bba，其实终极目标应该是特斯拉，因为世界汽车头把交椅市值是特斯拉！
positive,遇到大雾弥漫，怎么开车才安全？
negative,比亚迪又遭遇幕后黑手，某友商阴阳小动作不断
positive,奇瑞真能出口啊
negative,亏电油耗2.49L/100km！ 海豹06DM-i城区油耗实测
positive,朋友们!
positive,继官宣成为2024欧洲杯的官方合作伙伴后，比亚迪再度助力足球⚽️梦想
positive,以前某些人总喜欢贬低嘲讽国内智驾厂商依赖高精度地图，现在好了，不仅全国都能开的华为无图ADS3.0遥遥领先，连被人诟病智驾水平最落后的比亚迪也把无图城市领航玩出了花。
positive,近日网上曝光了疑似新款比亚迪汉的测试车谍照，新车或将对其外观进行改动，并且有望搭载比亚迪最新的第五代DM混动技术
positive,享受到比亚迪内卷红利的老铁，是不是应该给比亚迪帮帮场子
negative,抖音上惊现一批矩阵车评人，为比亚迪发声，话术都一样，我是捅了比亚迪的老窝了吗？为什么这么拼命给我推？？？
positive,铲除“黑嘴”势在必行，对有效线索及证据提供者奖励20万-500万人民币。
positive,近期，比亚迪遭黑公关攻击，品牌和产品受到恶意诋毁。为了维护自身权益和行业秩序，比亚迪正积极向各界征集黑公关的相关线索。对于提供有效线索和证据的个人或机构，比亚迪将给予20万至500万人民币的奖励。
positive,其实我建议比亚迪带头建立一个反水军联盟
positive,卉眼识车｜课代表 VTOL移动电站对外放电，关键时候成了救命的功能。危机关头海豚车主帮邻居手机充电，正能量该让更多人的知道。
positive,比亚迪真给中国汽车长脸，全球品牌价值排行比亚迪位列第七，也是唯一进入前10的中国汽车品牌，现在那些想打比亚迪的，就等于是一群练武的，想去打一个修仙的，你们俩是内力，人家修的是真气啊
positive,大家下午好啊～
positive,现购买比亚迪精诚认证二手车即可享受充电桩及安装服务（部分车型）
positive,比亚迪获3个国家科技进步二等奖！
positive,只有凭借强大的技术实力，才能在激烈的市场竞争中立于不败之地。也正因如此，如今所取得的好成绩绝非偶然，而是长期努力与坚持的必然结果。
positive,比亚迪元系列的元up，置身于元plus与元pro之间，其表现究竟如何呢？
positive,一路向前比亚迪，比亚迪又有了新的进步
positive,比亚迪6月销售341658辆，再创纪录！
positive,比亚迪六月份销量卖了341658辆，再创新高！
positive,发布了头条文章：《比亚迪迎两大里程碑：泰国工厂竣工 第800万辆新能源汽车下线》
positive,新民周刊谈话直播栏目
positive,中国最大比亚迪工厂一镜到底的飞行
negative,比亚迪汉被曝突然全面失控？4S店回应：车无问题 责任全在人
positive,手机NFC功能已经占据了我们生活中很大一部分硬件功能，其中的方便性谁用谁知道，比如公司门禁卡、电梯卡等等。
positive,比亚迪是网上没赢过，现实没输过，年年销量遥遥领先。任何人都可以不喜欢比亚迪，但是比亚迪在新能源领域研发的一系列黑科技是真的没得黑，为中国人挣足了面子和里子。今天看了比亚迪工程师团队首度揭秘仰望U8实现浮水脱困的研发历程，我万万想不到这项技术居然是王传福本人在10年前就提出来的，光在动 ​
positive,比亚迪汽车在国外多受欢迎，看看英格兰球星凯尔·沃克对比亚迪的喜爱就知道了。
positive,暴雨来袭，比亚迪又是第一家跟进的车企！
positive,7月4日，比亚迪在泰国举办工厂竣工暨第800万辆新能源汽车下线仪式。谁能想到，1995年从深圳出发的比亚迪，今天旗下生产的新能源汽车已经畅销全球88个国家和地区，2023年稳坐全球新能源汽车销量冠军的宝座；谁能想到，在泰国这个曾经中国车企拼命都“打”不进来的市场，比亚迪只花了两年，就占据了当地4 ​
positive,这个消息真的假的？难道比亚迪要开启三国系列的车型吗？看这个图确实挺帅的，颜值拉满
positive,全力以赴，拼搏不止！
negative,大意了，感觉5000块钱保不住了，秦L2000公里续航挑战赛，遇到本田混动组不就麻烦了吗？
positive,小米SU76月交付超1000台，预示着小米汽车开始逐步进入正轨。对于小米来讲，未来要做的是，如何将现有的种子用户的能量激活，以及俘获更多新用户的工作。对标以特斯拉为代表的造车玩家，不难想象，小米汽车未来要做的，丰富自身的产品品类以及优化小米SU7的工作。有了多元化的产品线，有了用户基础，小 ​
positive,雷总，这个小米手机可能是全国独一份？质量还可以，弯成这样还能正常使用
positive,今日最佳
positive,小伙重回90年代研制出智能手机
positive,你买手机会考虑折叠屏吗？看完7月份新机再决定！
positive,欣赏一下14U的光轴偏移，售后说没问题，我相信是小米影像调教的半边朦胧美影调（一边朦胧）
negative,红米k70至尊首发华星c8+屏幕？这年中手机乱斗真的卷麻了啊
positive,红米 Turbo 3 沉浸式开箱！
positive,上大学第一部手机是小米 4，如今是 14，
negative,小米我只能说6，实属搞到我心态了。第一次买小米，才使用了半年 ，体验感一下让我吐了，实属只能说小米真牛啊
negative,雷总，请不要拿大家当猴耍了。这个答题您看看吧。专业的都不一定能过去吧。时间说改就改，完全不考虑用户感受。小米现在真是拿用户当孙子么？
negative,小米手机在步行导航的时候指南针完全不准，
positive,昨天不知道把电视遥控放哪了，想看电视打不开，今天偶尔发现手机里有个“万能遥控”，很巧的是正好有电视遥控的选项，抱着试试看的心态点开，进行操作，哈！电视打开了！！
positive,首先，有数码博主曝光了小米 MIX Flip 新机的配置：4700mAh 电池 +67W 快充，这个电池容量在小折叠屏算大的，快充体验也不错。
negative,小米手机出现故障，官方检测点检测不出问题，不给我处理，行，我说我找别的第三方检测机构，她说小米不认可除了小米以外任何有独立资质的第三方检测机构，根本就有违公平！
positive,除了小米手机、彩虹电池、小米插排、小米巨能写之外，小米以一己之力改变一个行业生态，推动社会进步的产品还有哪些？
positive,即将发布的小米小折叠，和小米大折叠的手机
positive,15天收获一个进水手机教程
positive,每个人都有属于自己的小时光，可能是一朗夏日，一个午后，一厥屋檐，一弯清流，一朵荷花。
negative,亲爱的雷布斯同志。我作为比较资深的小米用户，从小米创办以来，前后买了9台小米手机，7台小米电视机，6台小米的音箱，5台小米的路由器，9台小米空调。家里还有小米的电风扇，小米的打印机，3台小米的平板电脑。1台电冰箱。但是这以冰箱买来大概是7个月左右内壁就发生多条较严重裂痕，多次电话无法接到 ​
negative,小米SU7高速充电，听到不寻常声音，正在调查是充电桩还是车端的问题
positive,小米14 Ultra 两周使用报告来啦，这次，米冲高成了吗？
positive,上个月中国区市场份额，小米手机第一！
positive,这下真十年米粉了
positive,探索科技无界，小米新旗舰揭示未来智能手机新篇章
negative,小米手机没有滑动多选吗？还是我不会用？刚才要删除信息要不全选要不点点点点！还挺不爽的！
negative,小米的产品我支持了很多，oppo系统流畅性都上来了。小米你还不思进取吗？手机系统、平板系统、还有狗屎手表。一个比一个垃圾。
positive,小米把心思都花在车上了
negative,天杀的，ios18更新了后，真的有被丑到了！因为桌面，颜值爱上iPhone的家人可以脱粉了，安卓也可以有好看的桌面哦!这不比苹果好看
positive,小米Civi 4 Pro的联名手机礼盒简直精致得令人惊叹，
positive,湿地之城哈尔滨
negative,非常好奇小米澎湃OS这个【历史通知】出现的策略是什么？解决用户什么样痛点？感觉有点莫名其妙吧，对于强迫症用户来说，本身一次性看完就处理的老通知，还得先点进2级再看…如果非要推全的话，请给我一个关闭按钮
positive,小米12sultra 自带的滤镜也很有胶片感
positive,遇见了小米6，我爱上了数码！当时抢不到，现在依旧很喜欢，不论是外观设计，还是质感、性能，都是一绝，真是一代神机！
negative,我都服了，小米14刚用没多久，已经出现三次打联盟手游卡退的现象，真服了还不如旧手机
positive,如果我要在官网、其他官方渠道入手
positive,想把🍎小14换了
positive,天蓝，景美
positive,【大时代】中国手机，可以不去印度吗？
negative,唯一的 IP68 啊，隔壁就别硬蹭了 ok？
positive,拍的怎么样，兄弟们指点一下。
negative,一直用的小米都快十年了吧， 但是小米14pro是真垃圾 ，买了三天相机打不开的问题，送了售后，售后说没检测出问题，已经自己好了，又快递回来了。现在莫名其妙的定屏，出现黑斑。 一开始不是经常出现，实在没时间跟你们售后扯皮，昨天开始一直出现黑屏，所以今天特意跑了一趟售后，说是系统没更新的问题 ​
positive,我的小米全家桶！
positive,普及一个冷知识，小米是学习机
negative,请问这位6年的小米员工，她家里出啥事了吗？
positive,南京又现水晶天。上午11点钟，家门口。
positive,兰州今年的雨水真多，基本上是隔几天就会下一场，有时一天还早晚下两场。今早上的中雨，到下午多云🌥️了，太阳🌞时隐时现，强度不是很高。看👀小米手机天气预报说明天是晴天！
negative,小米手机做出来我看也是不管了，刷抖音卡，锁屏发微信还死机，这第一次买小米手机服了##小米手机# ​
positive,是谁给了他勇气？
negative,小米13Ultra现在16+512的比12+256的还便宜1000多
negative,小米13ultra，刚刚过保一个月的时间，黑屏，无法使用，蓝牙可以连接，电话已经接受，有震动反馈，但没有触摸反馈，重启多次无果，明天放暑假了，回家的路上没有手机，只能去店里又买了一台千元机应急，我请问，刚刚过保，就这样坏给我看，而且是在无磕碰，无进水的情况下，就放在桌子上就黑屏了，我现 ​
negative,啥情况两天两次了。除了微信其他软件都上不去网
positive,小米15曝光：澎湃OS 2.0加持，主打AI 今天，大家关心的小米15新机又有了新消息。爆料表示，小米15新机除了高通骁龙8 Gen 4之外，还将主打全新系统和AI。
positive,再好的小米也比不过你煮的一碗小米粥
negative,2024了，你还会选择小米13吗
positive,好耶，直降500，喜欢的可以冲了！
negative,我是米粉，但是冲第一波永远是不理智的
negative,小米这质量真次啊没用两周屏幕漏液，拿去客服就说是龙骨已经损坏了，让我自费修理，我的个天，我正常使用也没摔过，怎么就是我的问题了。
positive,小米14u原相机50M拍摄直出，清晰度和色彩度处理的感觉真的很不错，对面阳台放大后晒的什么颜色的衣服都清清楚楚，从苹果15换过来确实是个正确选择，相机现在基本不带，遇到想拍的直接掏出手机50m记录，连p图都省了。
positive,2024年7月5日16:55，玄武湖
negative,小米手机高温断网米10s，辣鸡！
positive,西藏.拉萨.布达拉宫
negative,小米系列新品这个月到底发不发我真的等得没耐心了
negative,大家的小米手机有没有这种情况：突然间软件怎么都不能返回，开关机键点着也没用，一会可能会闪退，可能会提示你等待或者关闭，可能会直接重启。
positive,小米Civi魔镜手机📱的隐藏彩蛋你发现了吗？
positive,就用目前三个手机，轻易不要换手机折腾了，一个苹果，一个华为，一个小米。三个正好够用了。
negative,小米13让我很失望
negative,孤独落单车
positive,惊喜连连！小米公司新一代智能手机智能工厂全面开启量产，新旗舰折叠屏手机即将来袭！
positive,新一代小米手机智能工厂正式全面量产，最新的
negative,坏了，我大魅族被偷家了
positive,2024年第二季度国内手机出货数据公布：
positive,小米公司的王腾近日与深圳和武汉的Redmi K60至尊版用户进行访谈，了解他们对手机的看法。在访谈现场，有用户向王腾提出系统优化的建议。对此，王腾回应称会逐步解决用户反馈的问题，并表示欣慰用户对产品总体满意，并对即将推出的新品评价高。据悉，Redmi将在本月推出性能之王——Redmi K70至尊版，搭 ​
negative,小米安全吗？
negative,郭台铭被上了一课！遭小米砍单70%，富士康印度子公司拟关闭工厂
positive,喜欢小米，喜欢雷总！
positive,小米14Ultra手机拍照清晰，景深处理得当，色彩还原度高，荔枝口感绝佳，两者相得益彰。
positive,又一次被雷军的格局震撼 小米网吧名不虚传
negative,雷军谈小米手机一代发布会：自己都挤不进发布会，靠四个彪形大汉开路才进去。
positive,前几天和晓雁总
positive,随手拍，有了徕卡加持的小米真的可以提高拍照欲望！
positive,确实该出去走走了，三星这20%在国内好像确实没什么感受……
negative,小米SU7高速充电，听到不寻常声音，正在调查是充电桩还是车端的问题
positive,还没有工作的今年应届生看过来！加入我们和徕卡一起造手机👀
positive,Hello，小米Civi4 Pro 春野绿 16 + 512G
positive,旗舰机，除了新长焦，豪威大像素前置新传感器也在测了。
negative,车圈干点活不容易，2024北京车展用小米14拍完的素材完全没法用，外接麦克风音频解析问题差点导致我2024北京车展和维他奶Vlog NG！不仅产品有问题，客户回应也是十分不合理的！
negative,小伙伴的小米13 Pro放在桌面，突然一直在无限重启，长按电源键也没反应，有什么办法可以打破这个循环吗？
positive,雷军真的良心了
positive,华为手机的长焦镜头也太厉害了吧！100米以外的电动野餐车都可以拍到
positive,今日摄影📸
negative,华为没有上市，有人吹嘘，华为估值十万亿，使劲地吹接着吹。看一下财报。
positive,这几天陪客户看的厂子真的惊到我了，干净整洁还很高端，谁说中国制造差，中国制造业发展太迅速，要努力打破客户的刻板印象才行，中国制造买牛起来
positive,这就是传说中
negative,接近万元的华为Pura70 Ultra，有6大专属功能支持，能支撑起这个价格吗？
positive,三星的原厂充电器能支持华为的快充协议，这一点是不是很神奇。
positive,勇敢的人先享受世界
positive,大多数人仅掌握两种肢体语言，而熟悉三种以上手势的都被视为博学之士。
positive,晚上出门闲逛，还热得够呛，改行商场逛逛苹果店……
positive,我发现手华为手机
negative,华为你怎么了，经常性自动重启，一大早醒来指纹禁用，密码一个小时后才能输入，要不是n我重启，这醒来一个小时都不能玩手机了
positive,华为 Mate 70 Pro 屏幕首曝！
positive,人民日报：“华为鸿蒙系统将完全使用自主内核”
positive,好想有个折叠屏的华为手机啊
positive,华为，以非凡速度跨越西方企业三十年的历程！余承东自豪宣布：纯净的鸿蒙，中国原创的移动操作系统，自主且安全！热议沸腾，华为鸿蒙是否正酝酿全面反攻？据悉，华为开发者大会今日启幕，余承东揭示全栈自研的鸿蒙成就，重申其作为OpenHarmony基底的国产操作系统，一举打破技术壁垒，保障核心领域的自 ​
positive,图1：云台山的心型谷被我偶遇了
negative,全场景鸿蒙操作系统全新亮相，但为何未提及与腾讯的兼容性话题？
positive,从2008年开始到2020年，几乎一年换一部手机。从2020年底用上华为mate 40pro，直到今天我依然用着Huawei mate 40pro，完全没有更换手机的欲望和冲动，是手机行业平庸了？还是本人消费更理性了？
positive,求助：有没有朋友知道华为手机的手势密码如何解锁？迫切需要！谢谢！
positive,今年几乎听到所有人都在说凛冬已至，但今天路过我们本地的购物中心，看到居然又开了新的华为店，面积还不小。
negative,6月25日，湖南长沙。张先生购买近半年的华为手机，近期在正常使用过程中发生自燃，官方认为属外力导致，张先生并不认可。
positive,华为纯血鸿蒙HarmonyOS NEXT，4大优势，必升级！
positive,乌合麒麟的新作品真的绝了！
negative,华为，你真的不考虑考虑把手机做的稍微小一点嘛？
positive,用十年前的华为P6发条微博～
positive,夏天的天空
negative,华为这个破手机啊，不建议
positive,网传：荣耀麒麟芯版在工程机测试
positive,2024有麒麟/鸿蒙Next后再无制裁 期待Mate70系列重磅回归。多少人的期待？
negative,不出意外，再次没有过
negative,华为pura 70北斗卫星消息版(ADY-AL10)只在线下卖？
positive,昨下午
positive,买华为手机还得去线下店
negative,两代拍照，差距有点大呀，还是p70p感觉更好一点，p60p瞬间就不香了
positive,今晚到北国未来城华为手机店买了部新手机，旧手机内存太少太卡了，只能换了。华为新机pura70，用了一个1T的，内存足够多了，没有空间焦虑了。
positive,华为手机真是厉害
positive,我们nova6用户也是用上鸿蒙4.2了，不知道以后会不会有鸿蒙next
negative,华为pocket2质量不过关，5月20日买的手机，才用到1个多月，6月26日在无磕碰跌落的情况下突然屏幕漏液，拿去售后，诉求，要求换新机，回复不予通过。问他们是以什么理由不通过。又说不出合理的缘由，还要让我自费换屏，难道我手机才1个多月连保修都没资格了吗？别说自费了，要给我免费换屏我都不愿意， ​
positive,华为pura 70北斗卫星消息版(ADY-AL10)搭载新款麒麟9010E，图源水印
positive,华为又搞大动作！即将推出北斗卫星版Pura70手机，起售价5599，12GB+1TB版仅需7099。
positive,今天真的好热好热，依然无法阻止我们对于摄影的热情，上半场活动结束坐船上岛航拍去呐📷
negative,华为。。。你他爹的不会做手机别做行吗？？？上周刚花三百块修好你的重启门问题，今晚就给我搞黑屏
negative,华为P70掉电问题:正常玩手机发消息小红书之类的，大约4min就掉一格电，一个小时掉15%的电，正常吗？亮屏时间都是三四个小时。几千块买的新手机电量这么差，是什么情况
positive,华为pura70pro与华为p60pro拍照大比拼，你更喜欢哪一种？
positive,我竟然被邀请参观华为总部？看完才懂美国为何严防这家企业！
negative,苹果净利润，太吓人了
positive,早上开着门靠着北阳台的护栏刷牙，看着蓝天绿树听听鸟鸣，便觉得一切都很美好……
positive,哈哈哈，竟然识别成功了！这只是一只猫！这也是一只异瞳白猫
negative,刚买完Pura70？估计要后悔了，因为华为新系列手机即将曝光
negative,请问华为Mate 60 Pro买了四个月不到，摄像头无缘无故出现问题导致拍照模糊（连最基本的扫码支付都扫不了，更别说扫码登录微信电脑端了），一句电子厂品存在的不确定因素，换个摄像头就可以不了了之了吗？众所周知手机拆机各项性能或多或少都会有所影响，例如防水功能，买Mate 60 Pro的初衷就是因为看好 ​
positive,这拍照，爱了爱了
positive,华为p70ultra
positive,半个月的行程已结束！！！
positive,6方面深度揭秘，教你快速识破真假华为充电器！
negative,手机现在是不是有什么大病，最近两周导航经常出错，这次离个大谱
positive,HW-Mate70系列
positive,华为mate20PRO拍街景
positive,换了个新手机。上一部是荣耀9X Pro，这次是荣耀X50。这已经是第四部华为的手机了。荣耀9X Pro用了四年多，本来22年就准备换掉的，但是一直很流畅，也没什么问题，就一直用到了现在。直到最近又被我摔了一次，虽然还能用，但是感觉屏和手机主体要分家了，就换了一个。
positive,我来浙江最大感受是这边人很热情，在抖音里评论区看到这个地方的，昨天逛了下，总感觉没找对地方，今天碰到一个老爷子（图五）就聊了起来。问我要去吗？得到肯定的回答，就立马说要带我去，穿过几个小巷子，把我带到一个老院子里。一砖一瓦都记录着岁月的痕迹。
positive,這樣Apple Store有否破解安裝？ 😂😂😂
positive,来自华为的拍摄👍
negative,这些只是我六七排座位的距离拍的，作为华为忠实粉丝这次真的失望，这就是拍月球的手机么，啊！气！本来超级开心以为这个还不错的距离加上几十倍变焦的华为手机，我不得看得清清楚楚，结果，啊！哎！
positive,华为的有线耳机在什么设备上都好使，除了华为手机
negative,余承东回忆至暗时刻：很多领导对我说，你这是赌博，你就放弃吧！
positive,【华为Mate70系列有消息了！】
positive,哈喽，今天的分享主要给大家讲一讲Pura 70专业模式的拍照详解，宝子们出去玩会用到啊。
positive,当前市场环境下，威胁苹果的到底是华为还是小米？
positive,华为手机最豪横的功能，你一定要知道。
positive,华为手机的应用流转，还有没用过的吗？
positive,宝石，刚！钻石，硬！华为Pura 70 Ultra的屏幕又刚又硬
positive,董宇辉，何以令资本俯首称臣？第一篇章：董宇辉的成功秘诀是什么？
positive,偷穿妈妈服饰既视感
negative,风暴平息后，东方甄选的股票价值已大幅缩水。是否市场低估了俞敏洪与董宇辉的价值呢？
negative,【“山河破碎”引争议！
negative,东方甄选突然变得神叨叨的了，竟然在直播中背刺贵州文旅。
positive,朗诵节目完整版来啦💕
negative,谁该承受铁导师在宇辉转化中失利的代价？
positive,穿梭于三个直播间的朋友们，你们试过这样轻松切换吗？哈哈，这互动简直逗乐了我～????
positive,中午煮了一包蟹黄拌面，觉得我和娃两个人吃足够了。本来还担心娃不爱吃呢，结果小朋友把自己碗里的吃完了，说太好吃了没吃够还要吃
positive,成功打入内部啦🤭，咱们主打的就是一个大漏特漏，还想看什么😍，欢迎评论区一起聊聊💕
positive,全新文旅路线揭晓！海量福利震撼登场！我们如约而至，不见不散！
positive,作者寄语：纯粹的心声，不含任何负面意图！
negative,粉丝流失正疯狂，东方甄选能挺住这场风暴吗？
negative,「东方甄选」的观看人数骤降95%，其深层起因何在？
positive,直播间的精彩，尽在
negative,在甄选的平台上买了箱青柠檬。收货后尝了几个，感觉汁水不够充盈，有点干。我不知是品种问题还是质量问题，于是在评论中给产品打了个三星，也就是一般。结果马上有客服打电话给我，我就如实说了一下，客服便说他们对品控向来抓得很严，让我有这感受实在是很抱歉，马上送了张五元的优惠券给我，我一时有 ​
negative,yoyo的来电居然被无情切断！现场状况如何令她悲喜交加？
positive,请完整理解
positive,还在为拍照姿势发愁吗？yoyo的新中式拍照教学来拯救你的镜头尴尬症啦！😍
negative,2019年4月7日新周刊的确可见山河破碎字样，可能的确不够严谨，但一味揪着不放，有点为了黑而黑了。
positive,yoyo带来了《NEW BOY》的演唱，仿佛阳光洒满每一个角落，欢乐在城市的天空中舞动！
positive,网友，做个人吧 🙏
positive,被YOYO的现场版《NEW BOY》甜到啦！😍 歌声仿佛夏日的冰淇淋，每一句都充满了阳光活力❤️，快来『东方甄选APP』让我们一起感受音乐🎵的魔力吧💕
positive,敬请期待思宇的变装历险记，在5月26日傍晚6点，女侠思宇将深入岳各庄夜市，与您相约一场别开生面的相遇！
positive,畅饮瞬间，只需这一杯！东方甄选的清新小青柠汁，如鲜榨般的口感，酸甜适中，正是夏日举杯的完美之选！
positive,「童年转瞬即逝，别让遗憾驻足。」青少年特辑即将登场，快到直播间一探究竟吧?
positive,生活中总有些伙伴，只需相伴左右就足以带来欢愉。
positive,yoyo带来了《NEW BOY》的演唱，没错，我看到四处洒满阳光，欢乐在城市的天空中飞扬！
positive,别问了，别问了，来『东方甄选APP』🙈，让我来告诉你北京到底有谁在🤭，『东方甄选APP』直播正在进行中，我们不见不散❤️！
negative,大美贵州 那叫：地形斑斓多彩！那叫：地表参差逶迤！当今中国 和平盛世 你敢说‘山河破碎’？我觉得都有‘涉政’敏感度了，说话不过脑！巴勒斯坦 才叫 山河破碎 好么？我觉得这样的人短期内不适合担任重要直播工作，需要沉下心去好好磨砺自己的表达精准度。要不然，那个‘相宜’的悲剧会重演。。。 ​
negative,是否需要支付在「东方甄选」的展示费用呢？
positive,今晚揭晓！神秘面具下🎭，甄选主播们谁将用声音征服全场？独特的音色🙈，深情的演绎，等你来揭晓答案！🎵🎶
positive,李佳琦与东方甄选的较量背后竟然是这般情境…
negative,东方甄选的争议持续升温，粉丝量急剧下降！
positive,成为自己，比任何事情都重要💕，有些底气是自己才能给的。百年前，伍尔夫就写下了关于女性觉醒的真知🌟。即便“道阻且长”，但终会“行则将至❤️
positive,“不准叫顿顿老师老公！还没结婚的应该叫男朋友”
positive,最近，东方甄选主播明明，因为“山河破碎”四个字被骂上热搜。许多985.211名校文学毕业生都纷纷给他说好话。说在文学领域中，中文词语有很多含义，什么本义，引申义，假借义啦等等，说我们不应该抛却词语使用环境，而误读这个词。
positive,俞敏洪引领东方新篇章：全网热捧，董宇辉共绘辉煌
negative,江山动荡，
positive,《森林报》不仅仅是一本书，更是一个通往大自然奇妙世界的魔法门🚪
negative,去年10月17日，
positive,善恶从来都不是由年龄决定的✨，这本书《沉默的十三岁》，让我们看清校园欺凌的真面目🔍，提醒我们切实关注孩子的成长问题🌟，防患于未然。
positive,这一天，铭记于心！
positive,读完这本书，孩子会更懂得“家”的意义❤️
positive,东方甄选背后的俞敏洪：道歉背后的坚持与自省
positive,董宇辉老师的内蒙酱牛肉真是令人难以抗拒的美味！选用自由放养的黄牛肉腱与后腿肉，原汁原味切割，口感鲜嫩，毫不干燥。每一口都肉质分明，越嚼越有滋味！全家老小都赞不绝口，简单切片就是一道令人垂涎的下饭菜。即便是控制饮食期间，也能安心享受这美味。简直是太好吃了！
positive,《山东车牌之歌》，看得嘴角疯狂上扬😂双宇组合，让你更快乐！🌟这一站山东滨州，我们不见不散💕
positive,东方甄选迎来两位新主播，可是非常不爱上班怎么破？让它们合作工作绝非易事，所好在我们有零食啦！主播们吃得津津有味，工作也更有动力！
positive,当古典神话遇上赛博朋克，当龙反抗既定的命运选择自由，会擦出怎样的火花？⚡️一起来品读马伯庸老师的《龙与地下铁》，唤醒心中沉睡的巨龙，冲破束缚，奔向属于自己的自由之地💕
negative,东方甄选主播接连失言，贵州文旅删除相关视频
positive,7月4日，让我们共赴美食盛宴，畅享清爽夏日！约定你，不见不散
negative,为何东方甄选时常遭遇内部质疑？俞敏洪、孙东旭，乃至董宇辉，他们彼此算是同舟共济的伙伴吗？
negative,贵州文旅意外下架东方甄选视频，董宇辉“山河破碎论”引发网友热议：游客纷纷选择远离贵州景区，背后的真相令人深思！探访苗寨文化之旅何去何从？东方甄选助力旅游推荐新思考。
positive,女性的身体自己做主🌟！不因为舆论的裹挟而改变自己，自己喜欢才最重要❤️
positive,统一回复及东方甄选董宇辉相关重要事件回顾：回应粉丝留言与粉丝共享重庆之旅时光，东方甄选粉丝群体重大变动！评论区温暖不断，新的历程我们同辉共行。董宇辉拥有暖评最多的评论区，东方甄选粉丝跌破3000万仍坚定前行。
positive,东方甄选粉丝数量震荡引发关注，从跌至谷底到重塑辉煌——粉丝回暖之旅有望吗？董宇辉温暖评论区的力量与东方甄选重庆之旅新篇章。
negative,东方甄选粉丝再度跌破3000万。
positive,书名虽然是《飘》🌟，可那种充满生命力的“气魄”✨，却表现得坚定又执着。东方甄选主播盈盈为您推荐这本巨著，爱情故事的背后，它更是一部充满生命力的史诗巨著💌。
positive,偶然经过～还是很激动
negative,东方甄选脱掉长衫，俞敏洪又要“走在崩溃的边缘”
positive,原来这才是路由器正确的摆放方式，听说这样摆不仅信号好，家里的蚊子也变少了
positive,解锁全新
negative,突然间发现7年前我当年在小米商城买的路由器不知道到底有没有给我退款，订单还在退款中
positive,作为米家的明星产品线，
positive,这几个月视频做的慢是因为家里在装修，耗时 3 个月的全屋Wi-Fi 改造，终于我拯救了我家那差劲的网络环境。这次我采用了有线 Mesh 的方法，路由器用的是小米AX6000 搭配 Redmi AX3000
positive,小米正式推送WIFI7，注意手机和路由器型号是否支持！这也许是行业内最早适配的
negative,路由器炸了吓我一跳砰的一声
negative,什么玩意
positive,好久没抽奖了
positive,小米要出fttr光猫了？出了高低
positive,想入手WiFi7路由器？快来看看这款适不适合你！
positive,想入手WiFi7路由器？快来看看这款适不适合你！
positive,Xiaomi14Pro的图标已修改上传~
negative,小米这次也太快了， 11月底
positive,我靠，起飞了
positive,有人拼吗红米ax6000Redmi路由器
positive,微相册投稿
negative,这个12月注定不平凡，这不最近就被
negative,难怪信号差得不行
positive,目前家里用的是小米万兆路由器+小米AX9000的Mesh组合  但是这次准备用小米6500 Pro替换掉AX9000了  没想到还挺不错
positive,锐捷雪豹虽然是一款电竞路由器，但是它不仅优秀在游戏方面，在其它方面也表现出色，比如针对孩子的安全守护功能，其次是健康的防辐射功能，还有清晰直观的可视化页面，以及网络诊断功能，让路由器的设置使用不再难。信号强、游戏快，它可以说是一台“老少咸宜”的设备，不仅能照顾好爱玩游戏的人，也能 ​
positive,小米路由器在Wi-Fi 7技术方面进行了全面布局，推出了多款支持该技术的产品，包括小米万兆、小米路由器BE7000和小米路由器BE6500 Pro等
positive,这个就很厉害了…家在6楼，路由器在家的中间客厅，我在1楼户外，还能连上稳定上网
positive,再度更新！WiFi6500Pro路由器
negative,小米 BE6500Pro 一定要关掉双频合一 Wi-Fi7必须开双频合一，但是打开双频合一后，联网设备偶尔会卡顿，估计是在两个频段切换导致，而且路由器每隔2-3天会崩溃红灯断网自动重启。
negative,辣鸡小米路由器。卡死了。我以后再买小米的东西我吃屎。当初不如多花点钱买华为了，真恶心草
negative,小米路由器咋回事啊，前期用电脑打开网页显示未检测到入户网线(实际网络正常)，然后客服让我把DNS改了，网页就可以打开了。
positive,心仪已久的小米路由器终于降价
negative,想问一下苹果连的这个服务到底是干嘛的？
positive,今晚在小米之家看到小米这组白色的路由器很好看，价格449，字母路由器，设计很漂亮，想考虑买一个，一问工作人员，看胸牌写着“支援人员”，说话有点大大咧咧，我问单卖那个小的行不行，他说不清楚
negative,小米路由器垃圾，买了一年平均3个月出现一次故障
negative,咱就是说做个路由器就这么难吗，
negative,路由器过热导致罢工！！！
negative,小米be6500 Pro也只配做个2.5G交换机+中枢功能的子路由 因为无线垃圾得很 投屏不行 还不稳定 功能还少 UU加速器延时高2ms...... 主路由还是宁愿用AC86U
negative,我发现了一个惊人的事情：小米已经全面进入了
negative,小米真是进到哪个领域，哪个领域就开始卷起来。这又推出了一款新的
positive,「最近有关注新机发布的小伙伴应该会注意到，现在各家都开始强调对于
positive,目前家里用的是小米万兆路由器+小米AX9000的Mesh组合
positive,【wifi7路由器评测】小米BE6500 Pro：固件升级，能否秒杀小米BE7000？
positive,恭喜！
positive,有人拼吗红米ax6000Redmi路由器
negative,不知道还有多少朋友家里的路由器还不支持
positive,突然发现小米在
negative,因为小米的这个破路由器，烦死了
negative,小米路由器AX1800用了3年就坏了正常吗？什么牌子的路由器好用啊？
positive,本视频将解答万兆家庭网络是否真的需要，以及如何使用小米设备组建万兆网络，并详细评测小米万兆交换机。
positive,【首发】小米WiFi7路由器性能评测：手机下载突破3000Mbps
positive,【wifi7路由器评测】小米BE6500 Pro：固件升级，能否秒杀小米BE7000？
positive,🎉 看体育比赛时，你是否曾因手机无法捕捉精彩瞬间而感到遗憾？荣耀Magic V Flip巨幕小折叠将为你解决这个问题！ 🏆
positive,前几天入手了荣耀200pro，真是太棒了！💥
positive,去电音节，你需要什么？除了震撼的音乐，还有就是记录那些美好的瞬间。🎉
positive,荣耀手机有哪些反诈功能？】今天是反诈宣传日，我也尽自己能力，给大家分享一些荣耀手机的反诈功能，希望用这些机型的朋友都用起来，把诈骗信息全扼杀在萌芽阶段。
positive,最近看上了一款手机荣耀200pro，做了很多功课，感觉不错呀！
positive,大青山野生动物园拍的花卉，荣耀手机还是很出片的
positive,荣耀Magic V Flip外屏功能分享
positive,入手了荣耀200，超级兴奋!保护视力健康选它准没错的，绿洲护眼屏视觉体验舒适无比，现在年轻人都喜欢熬夜看手机，护眼屏还是很有必要的！屏幕的光线都挺令人舒适的！拍照效果也不错，无论是风景还是美食，都可以一网打尽！
positive,️对于热爱户外运动的人们而言，选择手机的重要标准就是其性能是否能够满足户外探险的需求。而荣耀200就是你优秀的伴侣！🎉
positive,一闪一闪亮晶晶，还得看荣耀吖！
positive,荣耀200绝对是我的心头好!这款手机的颜值真的超高！珊瑚粉，海青色，月影白都特别简洁好看，时尚的流线型设计，握在手里非常舒适。5200mAh青海湖电池真不是浪得虚名，轻薄体验和续航兼顾，还有66w快充，完全没有了续航焦虑。拍照上这次又有了雅顾人像，拍出的照片非常有质感！
positive,想买小折叠的仙女看过来！这个颜值绝绝子
positive,荣耀Magic6升级后，充电时长，功率，电压电流变化实测！
positive,荣耀200系列新突破！AI图片功能炸裂上线
positive,美团外卖最近也支持荣耀灵动胶囊了
negative,荣耀手机，荣耀你没事吧，曲屏的这个手机膜，今年过年时候去换的，现在膜又又又起边了。。服了，生气
positive,华为MateX6骁龙版？荣耀Magic V3来了
positive,有的iP68唯唯诺诺，荣耀自研迷宫疏水技术重拳出击，即使面对水洗、水冲、水溅、水下拍照荣耀畅玩60Plus轻松应付毫无问题～
positive,荣耀实用功能还挺多，很多也是其他厂家所没有的，本着科技更好的服务于人，都用这种心态做手机也就够了
positive,荣耀手机教你三步反诈
positive,说到反诈，荣耀MagicOS系统有很多强大的能力，一起来看看吧～
positive,荣耀有那味了！年度最佳折叠屏！
positive,荣耀折叠屏就长这样？??
negative,一加卷完，荣耀开始卷了
positive,本次新机首次采用AI离焦护眼技术，使屏幕实现了以前的护眼屏+离焦镜实现的效果，这个
positive,荣耀的这款Magic V3外观造型虽然看起来有点像华为 Mate X5（下图右为华为Mate X5)，但相机模块和边框周围的金色饰条让这款机器非常高级。尤其在厚度方面它甚至更轻更薄！
negative,华为 Mate X6 被荣耀给提前发布了
positive,令人惊叹的工业设计！一定要去体验一下！
positive,打个广告，荣耀x40是真特么耐摔耐划。由于个人癖好，我的手机从来不带套没有膜，按电梯按门铃都是手机直接戳，摔手机更是家常便饭。所以自从开始用智能机以来，几乎就没有哪个手机能用到一年的。现在我的x40已经用了一年半多了，除了两个角摔的比较厉害，屏幕有点划痕，其它都很好。
positive,🎮我前段时间沉迷于手游无法自拔，每天都在寻找新的挑战和乐趣。
positive,今天，我们自豪地揭开
positive,当夜幕降临，我带着我的荣耀Magic V Flip巨幕小折叠，鸢尾黑的机身在灯光下微微闪烁，就像我内心的自信与魅力。无论是自拍还是记录美好瞬间，它都是我手中不可或缺的利器📱✨
positive,荣耀magicV3超薄折叠屏
positive,在厚度方面，MagicV3将打破上一代9.9mm的记录，更轻更薄！
positive,前所未有的丝路敦煌色！有点东西~
positive,用荣耀200 Pro是什么体验？随手拍都好看，人像值回了！
positive,今年荣耀200系列手机相当火热，一经发布便引起了广泛关注！它在屏幕、续航、系统等方面，均实现了全面进阶，搭载第三代高通骁龙8s芯片，性能爆表，与荣耀自研射频增强芯片C1+携手，通信体验直线上升。更有荣耀绿洲护眼屏技术，3840Hz超高频PWM调光，护眼模式，给你最温柔的视觉呵护。
positive,不就是轻薄吗？荣耀全新pc发布
positive,相信很多小伙伴都会遇到偶尔被朋友借用手机，如果这个时候有些消息弹出被看到会很尴尬为了避免这样的事情发生，荣耀手机防偷窥模式一定要知道。
negative,荣耀手机真不行，垃圾，不管是手机本身还是售后，都是垃圾
positive,使用新手机感受 虽然有些人说拍照不行，但是尝试在高铁上拍照了一下，抓拍还是让我非常感动的，没有画质模糊重影，起码我之前的手机拍移动风景很难抓拍。另外，高铁上看到的风景真的蛮宽广的 今天的天气真的好蓝。
positive,生意盎然的苔原绿、纯澈壮阔的祁连雪、深邃静谧的绒黑色
positive,最近发现了一款超赞的新手机——荣耀MagicV3，它的新配色“丝路敦煌”真的太有魅力！每次看到这个颜色，都能让我想到古代丝绸之路上的辉煌景象✨。而且，它的弯顶八边设计也特别有意思，每个角度看都有不同的美感📱。这还是一款超轻薄的折叠机，用起来特别方便。我已经迫不及待想要试试啦！ ​
positive,俄罗斯套娃城夜景·呼伦贝尔市
positive,荣耀MagicV3预订中～
positive,其他国家的人都喜欢用什么手机？没想到国产品牌竟然这么强！
positive,荣耀magicV3，有需要的小伙伴可以找我预订啦
positive,荣耀MagicV3马上就要跟大家见面了，它的新配色“丝路敦煌”真的太特别了✨。这种颜色致敬了丝绸之路上的璀璨文明，让人仿佛置身于历史长河中🌟。同时，它还有弯顶八边设计，看起来非常立体和高级。而且，这次还主打折叠轻薄，非常适合日常使用📱。
positive,我刚入手的荣耀Magic V Flip巨幕小折叠，简直是我的新欢！
positive,荣耀MagicV3即将发布，其中最让我心动的是“丝路敦煌”这个配色。这种颜色真的很难形容，有人觉得它是棕色，有人觉得是赭色，还有人觉得是红色，总之每个人都有自己的理解。再加上弯顶八边设计，让整部手机看起来非常立体和高级📱✨。我已经迫不及待想要体验一下了！😄
positive,荣耀新款
positive,荣耀X50GT迎来142版本系统更新
positive,超多萌宠主题的荣耀巨幕小折叠，真的是超级好用，这个外屏越用越喜欢，没事逗一逗，还能外屏摸个鱼，
positive,前几天终于入手了荣耀200 🥳 这手机颜值爆表啊，月影白真的超级好看！
positive,让人不禁思考，除了对折叠屏本身有特殊偏好的用户外，还有何理由能拒绝这样一款集大成者呢？
positive,刚入手荣耀手机magic6标准版，昨天去广州白云山爬山，落日余晖很美，顺手拍了几张，
positive,回顾MagicV2对比直板机已经好薄，V3还要更薄……
positive,荣耀新系统升级来了，推送AI消除功能，简单好用！
positive,荣耀100pro外观设计是真的好看！
positive,纪凌尘 陈星旭 余承恩 魏哲鸣 小折男团还有一个是 [剑网3][剑网3][剑网3]
positive,PDD几百元的逆天M6 RSR手机
positive,荣耀是拿捏时尚圈了，把纪凌尘、陆仙人、陈星旭、魏哲鸣、余承恩、陈靖可都请来了，现场还真是视觉盛宴
negative,夏天热浪滚滚，手机也跟着升温。充电时发热，不仅影响操作手感，可能还会降低电池性能及使用寿命。试试这样做：
positive,人美怎么拍都好看
positive,很高兴向大家介绍刚刚发布的全新时尚单品
positive,【互动有礼
negative,据摇船：京东方等四大国产LCD面板厂商将减产20%！
positive,京东方“屏”什么？2月29日，合肥人社直播间为您解读
positive,《屏之物联》获第三届登峰传记图书奖“2023十大中国商业传记好书” [烟花][烟花][烟花]
positive,机械革命翼龙15pro、耀世15pro均搭载来自
positive,3月8日，世界知识产权组织（WIPO）公布了2023年全球PCT国际专利申请排名，中国PCT国际专利申请量持续位居第一，彰显着中国企业正在迸发源源不断的创新活力，尽显创新科技力量。其中，
positive,【大时代】中国屏幕如何逆袭？
positive,这两年国产屏幕技术进步真的很大，今天
positive,【折叠手机面板市场三星显示独占鳌头 京东方穷追不舍
positive,选了合肥京东方医院啦
negative,【总投资630亿元，
positive,京东方国内首条第8.6代AMOLED生产线奠基
positive,【京东方：研发投入125.63亿元，年销售收入0.5%用于人工智能】
positive,刘春华老师授课送诗，给京东方的那首诗句是哪个文人墨客的诗句？
positive,【三星显示器霸主地位岌岌可危 主导权或将被中国夺走
negative,韩媒表示：中国仍在追赶韩国屏幕的领先地位，京东方仍有一年差距
positive,来福州啦！除了逛逛三坊七巷，尝尝佛跳墙逛吃逛吃外，还来了一场高科技“穿越”
positive,服没，服没，就问服没！写在绝对的起爆点，研报发完，直接单边暴涨！50%到手～
positive,去年盛夏，当
negative,这就是网络乞丐吗？
negative,闲鱼小儿们又重蹈2007年起到2012年淘宝的覆辙了，竟然袒护销赃的偷车賊，俨然把闲鱼变成了灰色的法外之地，不知道还有多少在卖的东西是不属于卖家的，看来又要有卫哲们帮下面这些小鬼们背锅了。什么三方保证资金安全都是假的，买东西凭的是自己的火眼金睛和浑身是胆，如果没有有财物两空，太坑了。真被 ​
negative,别人就不能忙了，还别已读不回，不管你学还是他学，首先态度不好
negative,换季整理衣帽间是个大工程🤯
negative,烦死zz了
negative,有些人  她是真的很缺钱  没关系  我懂  我理解   我施舍给你就好啦
negative,家长质疑闲鱼陪玩服务，记者深入调查发现，闲鱼平台提供的服务基本都是SQ服务。
positive,有没有小黄鱼用户
negative,不是很懂
negative,我想的很清楚 这钱我肯定不打算要了！但发出来为了给其他在闲鱼上出彩妆姐妹们注意自己的利益！尤其是卖彩妆这种东西已拆过再退回来很有可能替换或者恶意占便宜挖一勺，压根理不清吃哑巴亏！
positive,今天出去转，看到一家店里面摆着一架古筝，突然就手痒心动，问老板能不能浅弹几下，老板同意后带上甲片浅浅拨弦，大脑一片空白完全忘记哪根弦是哪个音了。谁能想到三年前我还会弹《渔舟唱晚》呢！太离谱了，用进废退，三年没再摸过古筝，全部忘完还给老师了！
negative,咸鱼你别太离谱
positive,校长：你就卖呗，一卖一个不吱声。
positive,小公主请移步我的咸鱼号:灵萌orz（富江头像那个）  看看有没有适合的衣服，断舍离清衣柜便宜出。。。
negative,海鲜市场已经六天无人光顾了 谁能莫名其妙拍我一张卡
positive,收我卡的有福了
positive,感觉人突然意识到极简的时候，好像什么想要的都已经得到过了，不会报复性消费，至少我是这样的。
negative,林子大了啥鸟人都有，闲鱼卖个鞋子，居然在极为隐蔽的角落找到一个不算问题的理由要退货，闹心。穷成啥样了啊，还想穿名牌，咋不去垃圾堆里捡呢。没见过这样的。
negative,注意了奥，年底了骗子钱又不够花了，又开始卖黄金了。
positive,一直想去买地州村的泡芙，又觉得这么远单独走去太不值当，结果……哈哈理由这不就来woa我爱你鱼
negative,注意!闲鱼开始捉严了
negative,将纠纷扼杀在源头，退完被拉黑一看他评价，还好还好，果盘反常必有妖，编假地址假手机号买虚拟物品的，不要犹豫，直接退单，人肯定有问题的
negative,今天的闲鱼怎么了！一直卡顿很难用！是不是又瘫了？
negative,小红书置换碰到一个骗人精，用拍立得换我的8p还一直不发货，发了货以后说好的相纸也没发，从上个月的17号开始到这个月的今天为止，还没给我发，期间一直找各种理由说发了但是实际没发，第一次置换就碰到这种啥b真的好烦
negative,天杀的！为什么就我的海鲜市场流量那么差！！
negative,闲🐟上一些人别太把自己当回事，知道的是我想买你的东西，不知道的还以为我欠你钱呢🥰您可真高冷啊，问你物品问题，等了几天就回一个“不”字，谢谢您高抬贵手回我啊😅curse你一辈子也卖不出去sb
negative,开开心心收周边结果被跑单了，烦死了
positive,我把闲鱼公司起诉了，后续!!!历时两个多月，经过法院多轮与阿里法务部调解法院主动要求双方调解)，今日有了结果，以与闲鱼方和解告终!诉求及目的均已达成。因签署保密协议，具体案情不便透露给各位感兴趣的朋友。杭州必胜客并非战无不胜，即使地方庇护严重，只要证据充足有法可依，加上自身据理力争， ​
negative,我可怜的闲鱼卖家
negative,他瞎还是我瞎？我连续包年买了再取消不就是一年费用吗 我问这大姐买十年的会员吗？干嘛要看年卡198价格 笑死人了 瞎子 怕不是骗子 急眼了
positive,放了好几个月再拿出来看还是好漂亮，但已经戴了一个也没太多时间换着戴
positive,我可真是开了眼了
negative,给孩子整傻了
negative,在闲🐟上卖爱因斯坦的电子🧠被官方警告违规了，我刷到别人卖我才卖的，我错了我再也不敢了
negative,有时候挺不明白的，我为我自己喜欢的东西h个价收怎么了？有时候闲鱼大半年收不到东西麻烦想想自己的问题，又要价低，又要收人家绝版心头好，还不带标价，可真有意思。让人卖家去猜你的心里价位是吧？
negative,氣瘋我了！
positive,明天一波断舍离
positive,咸鱼上面买车靠谱吗？裁定车能买吗
positive,闲鱼成了年轻人的新社交阵地，年轻人不仅在这里花钱，赚钱，还在这里玩。过去一年，有近3000万95后涌进闲鱼，年轻人每天在闲鱼交易超十亿，平均每天赚2723元
positive,【避雷】购买的哈苏原厂42165对焦屏，本着信任卖家的原则收货当天确认无明显瑕疵后确认收货。
negative,别再让我遇到这种人了，都是在已经付钱的情况下，真的会影响一天的心情
positive,观察了一段时间的咸鱼，我聊一聊呐。
positive,我是不是遇上了
negative,被闲鱼买家整生气了！我怕麻烦挂的很便宜，然后还遇到人砍价，我想算了包邮吧，然后这人又来一砍加东西还要包邮，体积都不一样，申金，气的肚子痛，这出闲置的钱不够我去医院挂号费
positive,很久以前我在闲鱼上买东西
positive,最近养成了一个习惯，
negative,吃灰最多的数码产品盘点，明明白白告诉大家什么产品买之前有大用，买之后没X用。
negative,闲鱼更新的新版本怎么找不到搜索框，用不明白啊？
negative,闲鱼的曝光怎么变少了，发布界面的UI更新了，推流机制也改了吗。以前上新第一天总归1k曝光，现在3天才到1k，是我的问题还是xy的问题？
positive,可爱 把你许配给我前任了
positive,整理东西，翻出个蜡绳编织项链的全新材料包，一翻橙色软件，是七年前的订单啊哈哈哈，救命啊，教程链接客服聊天记录里找不到了已经。
negative,真的很无语 第一次在闲鱼上买会员 还被骗了 说的是年卡 也就开了两个月会员  因为这个会员是它到期这个卖家自动续的 我今天打开aqy 就发现过期了 去找卖家结果发现卖家注销了 真的很离谱 之前没用过闲鱼 就是听说这个平台骗子很多 心存侥幸 结果还是被骗了(千万别心存侥幸还是去正规平台买会员)
negative,被骗子骗了，这要怎么办。就是一开始一个人来找我收物，她买了但没付款，叫我扫码给她看，我看了可是就被显示这样了。
negative,诈骗无处不在，freshman妹妹差点上当…
negative,有时候真不清楚这些人脑子里灌了什么
negative,多少有点大病
negative,晚起的鸟儿没曝光
positive,这两款周边，海鲜市场卖这么贵吗
negative,挂个骗子，海鲜市场id【圆宝圈外女友】【美美想穿新衣】
negative,【吐槽】第一次被人跑单
negative,神经病神经病神经病
positive,开始了 开始了 你们都喜欢我的衣服
positive,以前逛闲鱼的时候觉得卖家的商品简介写的太硬了不通人情，现在买的东西多了知道为什么这么写了，因为人类多种多样
negative,常年玩鹰的人也不免被啄到眼睛。海鲜市场受骗，还是坏人多
negative,如果真的要闲鱼买键盘！一定要看下是哪个版本的键盘！我只能怪自己没看是哪个类型的键盘，就直接下单了...真的太惨了
positive,手机上最喜欢的推送？当然是
negative,感兴趣的宝宝看图吧，大眼说我内容违规我也不知道哪违规
negative,我看起来是什么很贱的人嘛，好声好气出物结果遇到跑单狗
positive,咸鱼真的很敏感肌，，，
negative,还是遇到不友善的人了～
negative,有人在闲鱼 小派派呀 被这个人骗找我
positive,笑死我了，之前去参加理想汽车的活动收到了一台Magic Keyboard苹果妙控键盘，因为我不用苹果设备就给我爸了，让他送人或者卖了（未拆封）。
negative,不知道转什么，把领导转了吧，不接受退货，看着给点就行，主要是不接受退货，不买的不要贬低商品。
negative,看不懂他到底要干嘛，从一开始让我降价到后面让我报销修手机的钱，我让他退给我他不退，还要一直找我麻烦。要表达全部费用我出了给你修成全新的？那我卖给你干嘛呢？而且我说了很多遍没有那些问题，你非要说他有问题还说我隐瞒我主页写的很清楚哪里有磕碰，想骗你钱至于让你退吗，至于一开始同意给你修 ​
negative,女士在闲鱼平台上售卖LV包包时，遭遇了疑似"到货后仅退款"的骗局，损失了14500元，买家还嚣张地要求退货，最终警方介入！
negative,能观看但无法购买，煎熬
positive,终于让我遇到啦？
negative,能看不能购买，令人苦恼
negative,咸鱼卖家的是不是都必须要好评呀？啥的，中评也是不允许了？必须五星好评是吗？
negative,记录下第一次被诈骗的经历
positive,20年出的时候手上没有米米四年后的今天我终于把你买回来了！！！！为什么一直很想买👉🏻 这张专是在准备高考的那一年夏天出的 刷题烦躁的时候就靠它救命 （
positive,发布了头条文章：《闲鱼“翻脸”NFT》 小甜甜变成牛夫人。
negative,你换名字我也挂你，跑单惯犯。id：清谷中可直拍
positive,出教资的书，基本全新，走平台
positive,上学的时候老师经常告诉我，你这辈子只能坐后排
negative,姐们你这是？我快一年没穿的衣服，你个b的说衣服边上有污渍，然后照片也没有，跟你说了么又已读不回了，你是什么品种的阴暗b？签收之后十几天，到最后几个小时要自动确认收货了你来退货了？？我惹你了？？我一件vans二十块卖给你委屈你了我说
positive,男人闲鱼逆袭成为霸总，还结识了厉家这样的高级豪门！ 前妻与暴发户眼红的要死！
negative,闲鱼 该死你就死
negative,真的难受😣～不等了
negative,'这是个骗子吧
positive,这样的老板还是很少见呀
negative,有时觉得互联网营销思维真的很可笑......一个出售二手闲置的闲鱼平台，也要搞出一大堆花里胡哨的功能，各种打卡、积分、曝光，而且曝光值还得靠抢.......不花心思想想怎么提高供需匹配度，天天整这些没用的花活，能留得住用户才怪了。
negative,不诚信的人吞一千根针，卖就卖出去了呗，实话跟我说不行嘛，还要用冠冕堂皇的话来搪塞我🐶💩，恶心死我了
negative,请问这是咸鱼骗子么 第一次交易不太懂
negative,闲鱼的讨口子太多了，骗子也多
positive,帮朋友出的啦
negative,一些网友表示，
negative,闲鱼交易遇到恶心的买家 由于缺乏经验 并且不擅长反驳人后 现在非常被动 正艰难维权中
positive,【卖出去的手机被申请退款 新出现的“伤痕”到底是谁干的】据了解，目前周女士已经在闲鱼平台发起了针对该起订单的小法庭，而这笔交易资金也因为存在争议已经被平台监管，待有最终结果后，平台再进行放款。
negative,【买二手商品拆完塑封又拒收 消费者和卖家生纠纷】据了解，目前谷女士已经通过平台申诉得到了310元的退款，但焦女士还是将这件事投诉到闲鱼平台小法庭，等待进一步的结果判定。顺丰速递也在接到投诉后，提出支付邮费的7倍进行赔偿，但这一说法被焦女士否
negative,每到囤货时候就整理出来超多小样 结果都过期
positive,很奇怪，一旦开始用闲鱼卖东西了，就想把所有东西都卖了，我应该开个超市卖东西。。。
positive,泼天的富贵落在我头上了
negative,这很难评啊家人们，我不觉得我打代肝很丢人，我手打也不开科技，生活费多少也是我的事，发了截图又说没有3500，又要转账记录，拉黑了一个号又来一个，还要视频，哦对，我说我截图了就开始撤回，这是干嘛呀小哥哥，这我很难说什么真的
positive,闲鱼表情包
negative,闲鱼这平台，有好有坏，但现在已经和曾经的宗旨完全背离。曾经是二手闲置交易平台，现在是专业二手贩子投机倒把恶心人平台。
negative,无语了，想买二手东西用，搜了一些二手产品推荐，推了不少🐠的帖子，大致了解🐠雷点多，雷收藏，雷想要不拍，雷问东问西，雷不秒收货，雷不好评，雷低信用等……心里有数了，我尽量避免，屁都不敢放，看中就直接拍下付款，还想应该没问题，过几天东西就用上了呢，没一会交易被取消了，我问了对方说 ​
positive,新的男团已经出现！价格怎能停滞不前！！！
negative,今天真是见识到人类物种的多样性。昨天和小姐妹出去玩儿弄丢了装充电宝的束口袋，因为是一整套的且用了七年突然丢了我很难过。想着闲鱼上或许有卖，就编辑了一段非常有礼貌的话发给多个卖家。结果其中一个可能是生活不顺心的女士回了条极其不友好的语音，随即把我拉黑。我懵了一分钟立马切换小号表示了 ​
negative,让人震惊的新抢钱手法
negative,不知道为啥卖个手机一堆破事。挂闲鱼上明明已经写清楚“试用过”也拍了照的手机，买家说没看到，只看了状态信息“全新”就要退回，ok我认了。退回来以后我的未拆封耳机套装塑料膜拆了，里面的东西均有破损，她说收到就是拆了的，我申请小二介入这么久了不处理，人工电话打不通。已经在联系顺丰提供发货 ​
negative,【避雷】闲鱼这个人一开始打包票是正，后来发错快递，凌晨三点钟催我收货，收到货后面发现是山，对方拒绝退货退款，已读不回
negative,一生窝囊
positive,断舍离一些东西，有喜欢私，都是大刀
positive,闲鱼有一些买家我是真的
negative,【ff7闲鱼收物避雷】省流：答应帮忙留的货物转手卖给别人，现在本人按照约定前来收物被告知我的东西随着市场波动涨价了
negative,这该怎么办呢
positive,【出物遇稀世奇葩 是没家还是没妈】
negative,【二手交易平台上有人售卖喜鹊幼鸟 公安机关已介入调查】针对这一问题客服人员介绍，一般情况下信用较好的卖家可以先发布商品在进行人工审核，有时由于工作量较大，审核人员可能还没审核到这些商品。
negative,闲鱼购物，瞬间被盗刷四万五
negative,被到手刀搞怕了，这垃圾平台从今往后不会再用了
negative,家人们谁懂啊 连续两天早上遇到了直拍侠
negative,我要骂人了！我急着买谷付钱啊啊啊啊啊啊！！！
negative,为什么我
negative,咸鱼上真的好多心理有问题的人
negative,整理了一波闲鱼奇葩买家，真被他们屠龙刀吓到了。。
positive,风华正茂的年纪
positive,菜市场砍价呢五块钱都不想出
positive,副业不是走投无路的选择，而是居安思危，逼近成年人的底气，都是金钱给的，最可怕的不是月薪3000，而是几年后还是月薪3000，人生那么长，社会也是变化多端，换个方式，多份副业，多个选择。
positive,用交易骑行车，获得公益捐款，受益单位是「擦亮无障碍世界」项目，挺应景
negative,家人们xhs的人太可怕，给你一个超大的单走平台走的是闲鱼结果一直让我用支付宝扫码，我当时用闲鱼扫了涉嫌违规，而且我也授权过了支付宝的芝麻信用，但是他一直强烈要求我用支付宝扫码，这个人家人们别被骗了
positive,海鲜鱼市趣事2丨鸟笼子
positive,DAY19：不上班的第十二工作日
negative,今天在闲鱼上闲逛，先是看到了图二，觉着还行 就问了细节图什么的 但也没有仔细看 然后卖家说可以专柜鉴定如果有假的就退 没多想就付款了 然后！我总觉得哪里不对劲说不上来的怪 就继续刷 看着看着就看到了p1 我真服了 一个ip广东一个ip海南 p1的名字是p2卖家留言的第一句话
positive,已老实，求放过
positive,“恳请加强审核，擦亮眼睛，不要把小动物生命交给未知可怕的命运，不怕被嘲笑圣母孝子，良心呼吁，守护为人的底线，祝福每个善待生命的好心人，必要时积极寻求权力机关帮助。”
negative,妈的，真想把同学和老师挂闲鱼上卖了让我买门票
positive,海鲜鱼市趣事3丨旧家具
negative,现在最令我恐惧的数字是12
negative,闲鱼上的人都是什么牛魔鬼怪 功能完好 写清楚了 一上来就问我 功能完好吗？ 拍照把瑕疵都拍清楚了 又问我 外观有瑕疵吗？都跟你谈好了又来给我大刀砍价 又要占便宜还想买到一台没有任何瑕疵任何问题的东西 这世界这么美好呢？
positive,无故跑单外加阴阳被骂两句不是很正常吗？不然还要夸做得好做得棒吗😃虽然我先跑单，但你可是骂人呢，真的很幻视：绿萍只是失去了腿，紫菱却失去了她的爱情。祝跑单哥跑单姐，还有共情的跑单预备，在闲鱼大家庭互相成就，一定要锁死，99。
positive,现在根据法律要求我们可以搞一些电商带货来当自己的副业有的人副业工资一天可以顶普通人三四天工资现在有什么东西这么有福利呢？那肯定是不可能的有的只是知识付费不要相信那些天上会掉馅饼的事情没有的事  只有脚踏实地才能挣到q
positive,海鲜鱼市趣事5丨奢侈品
negative,抬价买东西这是什么新骗局
positive,最近三单和扶贫一样
negative,闲鱼欺负老实人，已经确认卖家违规却不处理，要求买家不得修理已经无法退款的二手机。只要修理，卖家就没事。已经无法退款的手机已经属于自己，闲鱼不允许买家修好使用，只要修好就属于卖家无责，有录音，请听
negative,社交平台上的虚拟财产也被纳入婚姻财产范畴了吗？夫妻俩在法庭上为一个闲鱼账户的所有权争执不休，这引发了关于
negative,活塞队在联盟底部摆烂，竟只抽到第五顺位，这运气真是糟透了？"
negative,闲鱼好烂的平台  被恶意差评 只要对方没有辱骂和泄露信息 就举报不了
negative,闲鱼曝光咋这么难抢呢…早上起来用曝光被抢没了 凌晨2点抢也没有
negative,昨晚大半夜去洗车
negative,血与泪的教训，，60块钱也是钱啊啊啊啊啊大家千千万万不要tq
positive,错误的选择只是过程，任何时候都别失去重新启程的胆识！
negative,xy上真的一群大爷
negative,被现实打败了
negative,你的咸鱼币规则可以改的更ex一点。偷偷改了倒计时获取筛子的规则，筛子大概率都是1（尤其那个幸运筛子），以前不走地图的时候明明很大方的，现在抠搜成这种样子，生怕别人多一点咸鱼币是吗？
negative,【ym原味裙后续三】小法庭判我赢让她填地址也拖着不填 莫名其妙威胁我开盒披露信息
positive,闲鱼真是妙啊
positive,📍苏新皓周边Get＋1
positive,ADERERROR 春新款Twinheart系列潮流休闲鼠袋连帽卫衣 A2尺码 正品的 李赫宰 丹尼秀同款的
positive,我为咸鱼举大旗 回血太溜了
negative,出物一定要等对方转完邮费之后再发货，血的教训
negative,“仅退款”还能这么“玩”？ 白嫖商家直接变现 堪称“空手套白狼”
negative,闲鱼你快出个措施，凭什么买家跑单需要承担跑单费，卖家跑单就可以逍遥法外
positive,点赞并评论可以参与抽奖
positive,📍苏新皓周边Get＋2
negative,闲鱼平台出现大量诈骗商品，价格严重低于正常区间。发现数量众多，可搜索 ipad 相关词汇就能看到。
negative,玩了三年的闲鱼号被封了，这么多发布同样文案的用户，都没有问题，让我认为同样的信息，我也可以发布，而且既然违规为什么不在发布时就提醒，而是在发布过而且是一天后，没有一点征兆，直接封号。你根本没有做到一视同仁，要是违规，大家该封都封了，不要区别对待任何一个用户。你不处理问题的源头，大 ​
positive,罗翔变身为微型法庭的裁判者，这家伙，这案件离奇得难以置信！
positive,闲鱼砍价的亲们 真的挺好意思要价的
negative,好离谱，我在
positive,有点有想吃鲜芋仙的姐妹，
negative,宝宝们举报or避雷！！！
positive,BJD独特的妆容呈现，来自Soom的猫头鹰眼珠，探索之旅可参考闲鱼指南：陈歪歪歪的引领
positive,世界上真的有没有心的人
positive,这“验货宝”
negative,好想骂人，咸鱼的人工客服像人工智障
negative,打扰大家了，挂一个人，我在5.19号收了一个never的棉花娃娃，拍下后一直到7.06补邮才提醒他补邮，给我转寄，没想到就只是问了问她有没有补邮，想着她不在进度群里不要错过了补邮时间，就被他进行了辱骂并且把我直接删掉了（群里也有老师说收他的东西被骂的）第一次见这种没有礼貌的出物，真的很生气， ​
negative,十天前卖了某电子产品，第二天就发货了。七天前到买家的代收点，于是开始了六天的不取件，甚至代收点不是驿站，取件码都没有拿了就走的地方，我请问你放那六天丢了算谁的呢，中间提醒过几次别忘了取快递，每次都答应的好好的，就是不取，好，我看你也不是很想要，打电话给快递退回，此时我已经真心觉得 ​
negative,真的是咸鱼上遇见脑子有问题的
positive,有人联系的上这个老师吗我联系不上
negative,神金...不好意思本人就是脾气不好看不得傻子笨蛋
positive,出门在外，闲鱼生意开始红火了
positive,今天咔！
positive,求问大家尼亚这张收藏卡的正常市价到底是多少
negative,我真服了 xhs是不是玩不起啊 主页简介我就多加了一句话“xy和xhs同名 可以直接来xy找我”判我违规🙄 sb小红书
negative,感觉闲鱼消耗我的情绪打过给予的价值
positive,请问一下大家有没有捐衣服的渠道
negative,避雷一下这个人，我朋友收谷被骗了不给退款 谷子全是自印还印的的及其烂 信用高也不一定是好店老师们收物多注意一下吧（用图致歉）
negative,咸鱼购买游戏号换绑不成功后号主将我微信咸鱼都拉黑，我让朋友联系号主再次进行换绑，一直就是不成功，不知道是否故意为之，近日把我的登陆权限删除并拉黑我的朋友，还在咸鱼上再次售卖已经卖给我的账号，现在我联系不上，咸鱼也没办法解决，我以为我遇到了好人，没想到却是这样，请大家擦亮眼睛不要被 ​
negative,闲鱼维权太难了，卖家诱导线下交易，平台拍下的订单让退款，要现金。结果东西出现问题，找不到人了。给拉黑了。投诉到平台还次次失败。不懂的人真是求助无门。
positive,今天更新，已经退回来了，找客服客服就说让我验货，😍😍😍
positive,闺蜜这个月要搬家，找出来好多衣服，都没怎么穿过，扔了觉得可惜，让我拍照发闲鱼，真的好多啊，希望赶紧便宜出掉
positive,挂一个把游戏账号找回的卖家
negative,咸鱼买票大家一定要注意留意，第一次闲鱼买动漫的票居然碰到骗子了，开始买票已经发了电子票给我，然后中间又跟我说可以先确定收货不，需要钱周转，我不同意申请退款，再次确认不退款票是否还能用，卖家说是可以用的！结果就是我没有确认收货的情况下，自动收货了，然后今天的动漫展进场票工作人员验票 ​
negative,没那么闲你偷我图卖货，不要脸的偷图狗，证据甩到脸上只会心虚拉黑的偷图狗！
negative,不是闲鱼上买鞋真的不会歪吗。。今天去收玩偶发现一堆出鞋的巨便宜还保真。。让人害怕。。。
positive,刚发了一波闲鱼，澳门入的果冻童鞋秒被拍，可爱兴奋的忙着打包，我妈说一定卖便宜了
negative,这很难评……..
positive,姐妹们 你们知道怎样才能加强执行力啊
negative,曝光贴！提醒朋友们远离此人渣！
negative,闲鱼 你管不管了你 我想卖个东西就会想要好好回复真心想买的人 可是这么多男的来问x骚扰问题还要我一个个分辨吗 这么恶心的环境你不管吗？
negative,卖闲置怎么卖出颜色来了？
negative,避雷这个骗子
negative,差点三千块买包纸巾 太可怕了
positive,QuestMobile最新数据报告显示，闲鱼4月份月活已经做到1.62亿，同比增长19.1%，距离闲鱼总经理丁健定下的2亿月活目标只差4000万。闲鱼的发展真是踩中了时代红利，眼看着就要大有所成了。
positive,网传🍉闲🐟app召瓢新套路！又出新暗号“二手空调” 不允许🍉友们还不知道！上线遇见就是你的幸运！
negative,立不起来，坚决不上地铁
negative,深圳地铁7号线地铁突然停电，啪！突然停电！黑漆漆一片，好吓人
negative,我请问呐？？？怎么回事？？？一动不动？？？
negative,深圳地铁跟个sb一样，小包高峰时段不检查包，低峰给你翻个遍。就想问一个巴掌大的包能装什么？另外哪个犯罪分子低峰期一个带违禁品上车。形式主义，动动脑子好吗？
negative,今天早上刚充50块钱的地铁费，晚上下班的时候发现卡不见了，早上起我说充20块，工作人员不给充，说最低50，卡丢了又不给挂失
negative,七号线怎么了？等了那么久车
negative,上沙站，靠近A 口这边的电梯下去的站台，一点空调都没有，每天8点20分到的站台，热得跟蒸笼一样
negative,为什么深圳地铁一号线空调开暖风的呀
negative,难得坐一次地铁，原来深圳地铁宝华站安检人员素质如此之差，就算是外包外人员人员至少得培训一下吧，不培训就出来见人了？
negative,民治地铁站真的越搞越过分了，施工限流管理效果太差
negative,都他妈这个点了11号线还那么多人是什么意思？
negative,深圳地铁报错站了，应该不是我听错吧
positive,【早安metro】用一双欣赏的眼睛去看待周围的一切，更能感受到生活中的美好。
positive,请问地铁上的男的
positive,【出行提醒】周末和家人朋友坐地铁出去玩的宝们，记得照顾好同行的小孩与老人，如需帮助，可寻找身边的车站工作人员哦。
negative,深圳真是一座熊孩子满天飞的城市啊，被地铁里面的熊孩子哭死吵死了，家长跟野生的一样，印象差到极点
positive,打卡科技感的地铁站
positive,【早安metro】在追梦的路上，最耀眼的风景往往属于那些勇于攀登、不言放弃的人。
negative,深圳地铁3号线能不能装个窗帘啊，白天坐地铁非常非常晒，草埔站到双龙站全程都在晒太阳 晒的非常非常难受。
negative,深圳地铁我真的是要疯 能不能管管秩序在高峰期把扶梯左边通道让出来啊啊啊啊啊啊啊 迟到了地铁爹
negative,地铁上冷的我以为我进了冰窖
positive,【早安metro】去做一些有所突破的事，才能领略不一样的风景。
negative,吸烟的人真的需要管理口臭问题，坐个地铁忘记带口罩我真的要恶心死了，动不动说一句话也知道会臭到别人
negative,今天过地铁沙尾站安检的时候，安检员拦住我指着手提袋说：它必须要过安检（一个白色袋子/两个桃子和一个方形盒）。
positive,【深圳地铁11号线二期、8号线三期、32号线一期最新建设进展消息来了】
negative,当前，这条地铁线路的建设未能开启！
negative,深圳地铁早高峰太热了，空调得开低一点吧
positive,【早安metro】勇敢追求梦想，即使跌倒也要起来继续前行。
negative,为啥今天下班时候，车公庙地铁站过安检连空饭盒都要过安检机？？？从安检机里面出来的我的饭盒是倒着的，那如果饭盒里面有吃的或者汤怎么办？？？
positive,你家另外两个游戏都不像消消乐直接立绘套个不一样的衣服就叫新r卡，r卡就r卡吧，夏树一月之后不是ssr就是r卡，ssr三张里就一张看着顺眼点另外两张一个崩了一个是去年的旧图，我这半年真是玩了个寂寞就这就这就这，根本不关心游戏平衡，有的角色能半年不出场，剧本还越来越烂，coly有多垃不必再多言大家 你家另外两个游戏都不像消消乐直接立绘套个不一样的衣服就叫新r卡，r卡就r卡吧，夏树一月之后不是ssr就是r卡，ssr三张里就一张看着顺眼点另外两张一个崩了一个是去年的旧图，我这半年真是玩了个寂寞就这就这就这，根本不关心游戏平衡，有的角色能半年不出场，剧本还越来越烂，coly有多垃不必再多言大家看见能避则避不过有一说一夏树有新的休闲服还是很让妈妈开心的
negative,第N次玩开心消消乐把自己心态给玩崩了去你奶奶的要不是我藤蔓爬得太不容易了我还玩你个大头鬼 ​
negative,点啥都空白这是崩了吗？大半夜的其实我只是想玩个消消乐 ​
negative,smh 4周年地图的4-4打了八万遍都拿不到三星…最惨的一次差3分_(:з」∠)_心态快崩了…查了一下攻略，推荐的卡一张都没有…但是对消消乐旧情复燃了[机智]不过我以为新的主线剧情会是囚われのマトリちゃん呢【 ​
negative,晚上回来快十点半，洗完衣服刷牙洗脸搞完就这么晚了，嗐，我还没怎么玩呢明天下午就要考试了，居然一点都不慌，甚至有点想玩消消乐，怎么肥四！！！躺在床上想看会小说吧晋江也崩了，嗐，还是去背政治吧保佑中特不挂科🙏🙏🙏 ​
negative,还没反应过来就没了开心进入莲花池沮丧进行消消乐我爸说可能压根就没放出全票吧我闺蜜都到付款页了啊啊啊啊啊系统崩了就离谱！！！ ​
positive,每天都是好天气（为什么来微博呢，因为开心消消乐崩了） ​
negative,开心消消乐崩了？我的快乐没有咯…   ​
positive,又是巨困无比的一天没吃早饭 一点不饿  汇报社死了 青椒肉丝一点不辣 素颜神器（口罩+黑框眼镜 在会议中心待了很久 好好的活动变成直播 疫情滚出中国 开心消消乐爽一下 拿了快递 我恨丰巢 还好有云闪付哈哈哈哈哈 打了耳朵分享给我的四级卷子 （救命啊后来和耳朵一起在书吧 真的是做崩了 麻了 错的就 又是巨困无比的一天没吃早饭 一点不饿  汇报社死了 青椒肉丝一点不辣 素颜神器（口罩+黑框眼镜 在会议中心待了很久 好好的活动变成直播 疫情滚出中国 开心消消乐爽一下 拿了快递 我恨丰巢 还好有云闪付哈哈哈哈哈 打了耳朵分享给我的四级卷子 （救命啊后来和耳朵一起在书吧 真的是做崩了 麻了 错的就这么多 吃了烧饼 走去书吧 刚刚室友说今天还有流星 点进去小小许了个愿 晚安了对了 继财管的财务分析后 信用的财务分析好像懂一些了 明天上课完成问：什么时候能吃上盈客食坊的外卖晚安886
negative,老妈有台消消乐专用ipad，就这机器说是很卡，连不上网，只能玩消消乐，还冲不了钱。两个消消乐游戏都打到几千关，打完之后把没三星的还反复刷星今天我发现是系统太老了，那网页的按钮组件根本就点不开，一看机子还是7.0的系统，刷了下机，那消消乐都停留在不需要实名认证那个年代…一个已经下架了，一 老妈有台消消乐专用ipad，就这机器说是很卡，连不上网，只能玩消消乐，还冲不了钱。两个消消乐游戏都打到几千关，打完之后把没三星的还反复刷星今天我发现是系统太老了，那网页的按钮组件根本就点不开，一看机子还是7.0的系统，刷了下机，那消消乐都停留在不需要实名认证那个年代…一个已经下架了，一个连上网就给我妈发了一个1400天登陆成就框，我的亲娘…要说玩游戏持之以恒还得是老一辈……合着一个不更新的消消乐就嗯玩三四年
negative,连小唐医生心态都崩了，今晚真是坎坷
positive,不要说，看看狗狗的演技，拉二胡的小哥都忍不住了！  ​
negative,我还以为是二层网不好。特意跑到一层去刷。结果还是刷不出来。于是玩了半天消消乐。等姐姐姐夫回来了，又喂小一吃了奶。结果小一又很难受。姐夫就给小一做了穿刺。希望小一可以挺过这一关。小一吐在我手上的血我明明已经洗掉了。可是为什么还是有浓浓的血腥味 我还以为是二层网不好。特意跑到一层去刷。结果还是刷不出来。于是玩了半天消消乐。等姐姐姐夫回来了，又喂小一吃了奶。结果小一又很难受。姐夫就给小一做了穿刺。希望小一可以挺过这一关。小一吐在我手上的血我明明已经洗掉了。可是为什么还是有浓浓的血腥味怎么也洗不掉
positive,。解压游戏先礼后兵986关卡过关咯，赶紧刷刷减压手游欲擒故纵zeng啊。昨天晚上微博崩了哎！老玩家loser回归不氪金唉，987+988+989+990=3954...谢谢点赞分享哔哩：海离薇。。解压游戏先礼后兵986关卡过关咯，赶紧刷刷减压手游欲擒故纵zeng啊。昨天晚上微博崩了哎！老玩家loser回归不氪金唉，987+988+989+990=3954...谢谢点赞分享哔哩：海离薇。
positive,昨天看还想说这是什么玩意儿，哪个网红的名字吗？今天又看到了，那就进来看看，原来是个游戏，还是我喜欢玩的消消乐，于是就这样开始了，没想到啊，第二关原来这么难消，玩了9次重新挑战它就没反应了，看来是大家都在玩，玩崩了……快点修好，我要继续挑战（喜欢的是不用下载，微信 昨天看还想说这是什么玩意儿，哪个网红的名字吗？今天又看到了，那就进来看看，原来是个游戏，还是我喜欢玩的消消乐，于是就这样开始了，没想到啊，第二关原来这么难消，玩了9次重新挑战它就没反应了，看来是大家都在玩，玩崩了……快点修好，我要继续挑战（喜欢的是不用下载，微信搜一下小程序就可以玩）
negative,羊了个羊，就这……另类版开心消消乐，居然还能崩了？？？玩得人有这么多？看来大家都好闲啊  ​
positive,本来还不想玩，玩第一关还觉得只是个普通的消消乐，没想到第二关那么难，然后就从三点玩到快十点，要不是崩了估计我还要玩一晚上，不得不说着实准确拿捏了玩家的心理 ​
positive,“羊了个羊”秘籍来啦！近日，一款名为“羊了个羊”微信小游戏火爆全网。由于太火，服务器2天崩了3次，很多玩家惊呼“我只是睡前玩一玩，没想到给我整失眠了！”简单来说，“羊了个羊”就是升级版消消乐，三个一消，只有两关，  “羊了个羊”秘籍来啦！近日，一款名为“羊了个羊”微信小游戏火爆全网。由于太火，服务器2天崩了3次，很多玩家惊呼“我只是睡前玩一玩，没想到给我整失眠了！”简单来说，“羊了个羊”就是升级版消消乐，三个一消，只有两关，有个排行榜（将玩家按照地域分省排名。）
negative,【警方发布“羊了个羊”秘籍！】近日，一款名为“羊了个羊”微信小游戏火爆全网。由于太火，服务器2天崩了3次，很多玩家惊呼“我只是睡前玩一玩，没想到给我整失眠了！”简单来说，“羊了个羊”就是升级版消消乐，三个一消，只有两关，有个排行榜（将玩家按照地域分省排名。）提醒：快乐游戏 【警方发布“羊了个羊”秘籍！】近日，一款名为“羊了个羊”微信小游戏火爆全网。由于太火，服务器2天崩了3次，很多玩家惊呼“我只是睡前玩一玩，没想到给我整失眠了！”简单来说，“羊了个羊”就是升级版消消乐，三个一消，只有两关，有个排行榜（将玩家按照地域分省排名。）提醒：快乐游戏的同时谨防诈骗，未知链接不点击、陌生来电不轻信、个人信息不透露、转账汇款多核实，遇到任何形式的诈骗，请第一时间拨打110。
positive,“羊了个羊”火了，警方紧急提醒点进来的人可能就是最近沉迷“羊了个羊”的人第二关你过了吗？近日，一款名为“羊了个羊”的微信小游戏火爆全网。由于太火，服务器2天崩了3次，很多玩家惊呼，“我只是睡前玩一玩，没想到给我整失眠了！”简单来说，“羊了个羊”是一款升级版消消乐，三个一消，有  “羊了个羊”火了，警方紧急提醒点进来的人可能就是最近沉迷“羊了个羊”的人第二关你过了吗？近日，一款名为“羊了个羊”的微信小游戏火爆全网。由于太火，服务器2天崩了3次，很多玩家惊呼，“我只是睡前玩一玩，没想到给我整失眠了！”简单来说，“羊了个羊”是一款升级版消消乐，三个一消，有个排行榜（将玩家按照地域分省排名）。警察叔叔要说的是各位玩家，快乐游戏的同时这份防骗秘籍请一定要牢记！（请转给身边正在游戏的“TA”）防骗秘籍↓↓↓为了追求“通关”有的人费尽心思搜索“秘籍”殊不知“骗局”也在悄悄降临骗子在社交平台发布有通关秘籍的广告信息，诱导受害人在虚假游戏交易平台、微信群或QQ群内进行交易，让受害人支付9.9元等小额金额来换取秘籍或以“注册费、押金、解冻费”的名义支付各种费用。待收到钱后，将受害人联系方式拉黑或者失联。
negative,【“羊了个羊”，警方紧急提醒！】         最近，你有沉迷“羊了个羊”吗？第二关你过了吗？         近日，一款名为“羊了个羊”微信小游戏火爆全网。由于太火，服务器2天崩了3次，很多玩家惊呼“我只是睡前玩一玩，没想到给我整失眠了！”         简单来说，“羊了个羊”就是升级版消消乐， 【“羊了个羊”，警方紧急提醒！】         最近，你有沉迷“羊了个羊”吗？第二关你过了吗？         近日，一款名为“羊了个羊”微信小游戏火爆全网。由于太火，服务器2天崩了3次，很多玩家惊呼“我只是睡前玩一玩，没想到给我整失眠了！”         简单来说，“羊了个羊”就是升级版消消乐，三个一消，只有两关，有个排行榜（将玩家按照地域分省排名）。警察叔叔要说的是：各位玩家，快乐游戏的同时这份防骗秘籍请一定要牢记（请转给身边正在游戏的“TA”！）↓↓          给钱买秘籍。骗子在社交平台发布有通关秘籍的广告信息，诱导受害人在虚假游戏交易平台、微信群或QQ群内进行交易，让受害人支付9.9元等小额金额来换取秘籍或以“注册费、押金、解冻费”的名义支付各种费用。待收到钱后，将受害人联系方式拉黑或者失联。         秘籍在网盘自取。通常骗子通过社交平台与受害人添加好友后，声称索要秘籍的人较多，已经将word文档存在某网盘里，随即发来链接要求受害人自取，岂不知，骗子利用发送带有病毒的木马链接，诱骗游戏玩家进行点击，通过远程操控对其电脑、手机等进行控制。         中奖诱惑玩家付费。以去年爆火的某小程序游戏为例，就是凭借诱导性的广告，让玩家在玩游戏时，领取游戏界面弹出的带有“100手机话费券”。 大量网友在社交媒体上反馈称，领取了所谓的“100手机话费券”，但在按网站指示支付了9.9元或19.9元后却发现话费无法兑现，也不能退款。         快乐游戏的同时，谨防诈骗！未知链接不点击，陌生来电不轻信，个人信息不透露，转账汇款多核实。遇到任何形式的诈骗请第一时间拨打96110或向当地公安机关报警！
positive,【还在为《羊了个羊》通关“上头”?沈阳警方公布“秘籍”】　近日，一款名为《羊了个羊》的小程序游戏火爆全网。由于太火，服务器两天时间崩了3次，很多玩家惊呼“我只是睡前玩一玩，没想到给我整失眠了”。简单来说，《羊了个羊》就是升级版消消乐，三个一消，只有两关，设有排行榜(玩家按地域 【还在为《羊了个羊》通关“上头”?沈阳警方公布“秘籍”】　近日，一款名为《羊了个羊》的小程序游戏火爆全网。由于太火，服务器两天时间崩了3次，很多玩家惊呼“我只是睡前玩一玩，没想到给我整失眠了”。简单来说，《羊了个羊》就是升级版消消乐，三个一消，只有两关，设有排行榜(玩家按地域排名)。不过，先别急着点亮手机，为了追求通关，有的玩家费尽心思搜索所谓的“秘籍”，殊不知“骗局”也在悄悄逼近。现在，好消息来了，沈阳警方正式公布“秘籍”!民警提醒广大玩家：快乐游戏的同时，这份防骗秘籍请务必收好，并请转给身边正在游戏的“TA”。
positive,最近，一款名为《羊了个羊》的消除小游戏火爆全网。由于游戏太火，服务器2天崩了3次。简单来说，“羊了个羊”是一款升级版消消乐，凑齐三个一样的物品就可以消除掉，全部消除掉才可以加入自己所在省份的羊群，玩法和传统的消消乐游戏相似，但是想要过关却遥遥无 最近，一款名为《羊了个羊》的消除小游戏火爆全网。由于游戏太火，服务器2天崩了3次。简单来说，“羊了个羊”是一款升级版消消乐，凑齐三个一样的物品就可以消除掉，全部消除掉才可以加入自己所在省份的羊群，玩法和传统的消消乐游戏相似，但是想要过关却遥遥无期
negative,羊了个羊第二关你过了吗？近日，一款名为“羊了个羊”微信小游戏火爆全网。由于太火，服务器2天崩了3次，很多玩家惊呼“我只是睡前玩一玩，没想到给我整失眠了！”   简单来说，“羊了个羊”就是升级版消消乐，三个一消，只有两关，有 羊了个羊第二关你过了吗？近日，一款名为“羊了个羊”微信小游戏火爆全网。由于太火，服务器2天崩了3次，很多玩家惊呼“我只是睡前玩一玩，没想到给我整失眠了！”   简单来说，“羊了个羊”就是升级版消消乐，三个一消，只有两关，有个排行榜（将玩家按照地域分省排名。）各位玩家快乐游戏的同时这份防骗秘籍请一定要牢记防骗秘籍为了追求“通关”有的人费尽心思搜索“秘籍”殊不知“骗局”也在悄悄降临01给钱买秘籍    骗子在社交平台发布有通关秘籍的广告信息，诱导受害人在虚假游戏易平台、微信群或QQ群内进行交易，让受害人支付9.9元等小额金额来换取秘籍或以“注册费、押金、解冻费”的名义支付各种费用。待收到钱后，将受害人联系方式拉黑或者失联。秘籍在网盘自取    通常骗子通过社交平台与受害人添加好友后，声称索要秘籍的人较多，已经将word文档存在某网盘里，随即发来链接要求受害人自取，岂不知，骗子利用发送带有病毒的木马链接，诱骗游戏玩家进行点击，通过远程操控对其电脑、手机等进行控制。03中奖诱惑玩家付费    以去年爆火的某小程序游戏为例，就是凭借诱导性的广告，让玩家在玩游戏时，领取游戏界面弹出的带有“100手机话费券”。 大量网友在社交媒体上反馈称，领取了所谓的“100手机话费券”，但在按网站指示支付了9.9元或19.9元后却发现话费无法兑现，也不能退款。谨/防/电/信/诈/骗警方提醒快乐游戏的同时谨防诈骗未知链接不点击陌生来电不轻信个人信息不透露转账汇款多核实遇到任何形式的诈骗请第一时间拨打110
negative,终于有一次集图集齐了  我都快要吐了  小熊关卡花好可爱  好想要  但真的好难🥲🥲心态都要崩了  想一想活动关卡花我只拿到过一回……开心消消乐越消越疯狂 ​
negative,一排练就收手机 一坐坐五六个小时 这就导致我现在对手机的欲望它直线下降 没手机的时间里前期还能连上热点 只是网巨差 还能将就用用 但吃个饭之后 ipad就再也连不上网 无法远程启动手机热点 变成了一个能听歌能看书玩离线的开心消消乐的板砖 除了不能上网还挺好的 下午听歌聊天玩uno打牌玩消消乐 纯消 一排练就收手机 一坐坐五六个小时 这就导致我现在对手机的欲望它直线下降 没手机的时间里前期还能连上热点 只是网巨差 还能将就用用 但吃个饭之后 ipad就再也连不上网 无法远程启动手机热点 变成了一个能听歌能看书玩离线的开心消消乐的板砖 除了不能上网还挺好的 下午听歌聊天玩uno打牌玩消消乐 纯消磨时间 游戏真tm好玩啊 学不进去一点但我觉得这个戒网瘾的效果还是很明显的 对于我这种手机放在旁边就想划拉两下的人把手机锁起来断网很有必要PS：老公你别太帅了我说
positive,技术大大加油吖~ ​
positive,【手机消防安全知识】手机已经成为现代人生活中不可缺少的一部分，随着手机使用的频繁，手机充电起火的事件也频频发生，快跟蓝朋友一起了解一下手机的正确使用方式吧！ ​
positive,哈哈哈哈哈哈哈哈哈，开心消消乐的姊妹篇海滨消消乐，这这这，哈哈哈哈哈哈哈哈哈，不行了，让我再笑会，哈哈哈哈哈哈哈哈哈！ ​
positive,回复:这台戏也很精彩，应该媲美《唐宫盛宴》。文化河南，应该有文化大餐期待。  //:河南厚重的文化根基
positive,这家伙又恋爱了？？？ ​
positive,怪不得我今天连不上网不能看我的小果树 ​
positive,好像已经恢复了了 ​
negative,咋的崩了，之前玩到一千多关就没玩了，都好多年没打开这个游戏了 ​
positive,哦莫 我妈的快乐源泉这会儿玩儿不了了 ​
positive,更适合大学生的课堂 ​
positive,通关 ​
positive,我说怎么一直显示我没联网 ​
negative,崩了吗？我这解救村长快解救崩了 ​
positive,不是，我为啥没看到你谈恋爱的消息呢程序员 ​
positive,啊？哈哈哈怎么了 ​
positive,感觉很久没玩了呢 ​
negative,我说怎么下午突然不能玩了 ​
positive,之前耗丢了现在才玩到500多关 ​
negative,啊？多少关？服了，我啥时候肝到七千 ​
negative,啊？ ​
negative,啊啊啊啊啊啊！！！你赔我你赔我你赔我！！！！你知道这对于七千多关的玩家来说是多大的伤害吗！！！！ ​
positive,我也玩好几年了 ​
positive,原来还有那么多人在玩呀😂😂 ​
positive,搞得我都想去玩了 ​
positive,多年前所有的眼泪，已在今天的心底凝成雪白的结晶，用舌尖触碰，还能尝到淡淡的苦，随后慢慢地，竟有一丝的清甜。 ​
positive,大学生的专属游戏 ​
negative,我就说我应该玩到这儿了才对，明明还有十关，怎么突然还剩四十多关，我以为又更新了，一看也不是星期五啊！而且棋盘也不对啊，明明是玩过的关卡啊，感情是崩了 ​
positive,感觉这游戏好久远了 我要去重温一下了 ​
positive,我家母上大人有一段时间特别喜欢玩儿这个游戏，好像成绩还不错 ​
positive,程序崩了没多久修好了，照样让你爬藤！每天刷几关，不知道它有没有尽头。 ​
negative,崩了，只要不影响更新 ​
positive,开心消消乐修好了 ​
positive,这个真的越玩越上头 ​
positive,早安又是玩开心消消乐的早上遇到了新的小动物感觉很有意思，一起玩开心消消乐.开心每一天不过开心消消乐，昨天是不是崩了，，一直不显示好友排名而且莫名其妙，我的630关他自己过去了因为本来过不去的。，  ​
                    早安又是玩开心消消乐的早上遇到了新的小动物感觉很有意思，一起玩开心消消乐.开心每一天不过开心消消乐，昨天是不是崩了，，一直不显示好友排名而且莫名其妙，我的630关他自己过去了因为本来过不去的。，
negative,感觉十几二十年不玩了吧～ ​
positive,我还以为我网不好 ​
negative,原来是崩了，昨晚怎么试都一直连不上网络，气得我想卸载，好吧，原谅它了。 ​
negative,是拿快递拿疯的吗 ​
negative,家人们，又又崩了，火爆了呼叫开心消消乐程序员回来加班游戏还可以玩，但是其他活动……  ​
positive,一天不消消就难过，半小时精力我先领了，坐地铁不能没有消消乐 ​
positive,难怪我昨天一直登不上账号，还以为是WiFi欠费 恋爱脑程序员今天应该修复好了吧 ​
positive,终于可以进去了，配了一首伤感的BGM，一边听歌，一边开始今天的开心消消乐  ​
positive,【手机消防安全知识】手机已经成为现代人生活中不可缺少的一部分，随着手机使用的频繁，手机充电起火的事件也频频发生，快跟蓝朋友一起了解一下手机的正确使用方式吧！ ​​​
positive,来开心水族箱玩呀 ​
positive,恢复了恢复了，家人们没有签到的快来签到，感谢程序员 ​
positive,哈哈哈哈哈昨天竟然没发现 这算是捡漏了吗 ​
positive,先生大义 ​
negative,第一次看到开心消消乐上热搜，你什么时候崩不好我正在冲刺满级你崩了，我也跟着崩了，这周五更新关卡前看来我是满不了级了，现在关卡来到了7597关  ​
positive,昨天晚上消消乐崩了，今天给的补偿 ​
positive,不影响 ​
negative,啥意思？开心消消乐崩了给我补偿30分钟，腾讯就拉到了？不给补偿吗？ ​
negative,今天不是开工第一天吗，消消乐就崩了，真奇怪啊 ​
negative,微bo怎么那么像太jian啊 什么平台崩了他都要来报 B站崩了 淘宝崩了  腾讯文档崩了 开心消消乐崩了，自己崩的时候也没见谁给它报个丧啊。你的还好吗？想要啥补偿 ​
negative,游戏崩了的那一刻，就像开心消失了一样！ ​
negative,原来是崩了啊，我还以为是我网不好 ​
positive,怪不得说我没联网，但是又可以玩儿！ ​
negative,微博真的好像个太监啊谁崩了它都要来通报一下  ​ ​​​
positive,开心消消乐是每年都要崩一次吗？麻烦程序员加班一下我想要玩开心消消乐辛苦你们啦希望尽快修复好  ​
positive,刚好崩在了开工的第一天，没有崩在春节期间，开心消消乐的村民们还是挺善良的，估计这个时候消消乐的程序员们还没有下班吧！  ​
positive,真的假的，我去打开试试，好久没玩了。 ​
negative,我们阿消因为崩了又又上热搜了 ​
negative,上一次程序奔溃还是上一次过于火爆直接把服务器干崩了，看下app还在休假状态，并不想上班（不是 ​
negative,应该是服务器过载了，浪涌造成的 ​
negative,又崩了？还让不让我玩耍了 ​
negative,快点恢复好 刚刚就显示没联网我怀疑了我的流量我的无线就是没怀疑过你啊消消乐你居然崩了 ​
positive,笑蜀，还好我还没开学，水课必备 ​
positive,据网友反应，开心消消乐系统崩溃了！好尴尬，没有在春节假期崩溃，却是在开班第一天崩溃了！一方面，说明大家春节期间挺繁忙的，走亲戚串朋友，各种聚会吃饭，挺忙。另一方面， ，这个建议管理层是听进去了。至少广大打工人是采纳了。程序员估计得加 ​
                     据网友反应，开心消消乐系统崩溃了！好尴尬，没有在春节假期崩溃，却是在开班第一天崩溃了！一方面，说明大家春节期间挺繁忙的，走亲戚串朋友，各种聚会吃饭，挺忙。另一方面， ，这个建议管理层是听进去了。至少广大打工人是采纳了。程序员估计得加班了！
negative,我还以为是在更新呢就下了，结果刚刚上去发现还是没用，原来是崩了 ​
negative,刚开工就崩意味着什么？意味着不想让你们上班摸鱼，好好上班 ​
negative,只有我 Get不到这个游戏了嘛个人无恶意 ​
negative,听说你崩了，我登陆上去看一下，没准会补偿我几个精力瓶啥的 ​
positive,我今天上午没进去 ​
positive,好久没玩消消乐了  突然想起来还有这么一个游戏 ​
negative,算了 你也别修了，明天给一个交代！！！😪 ​
negative,哈哈哈刚开工系统就崩了 ​
negative,悲伤，愤怒、焦虑、压抑等负面情绪都十分伤身，要学会及时排解。摆脱负面情绪的16个方法↓转发提醒TA！ ​​​16招教你摆脱负面情绪！（人民日报） ​
negative,怎么，你也不想上班？ ​
negative,什么！ 我玩了那么多关！ 崩啦？ ！！！ ​
negative,哈？？？这也能崩今天还没玩呢 ​
positive,上班第一天就崩哈哈哈哈哈哈消消乐你惨咯 惹到我你算是踢到棉花啦 ​
positive,好了也说一声，我也下载玩玩，有那么好玩吗？ ​
positive,啥时候能好 等着领周末体力过关呢 ​
negative,我今天追剧了，没玩消消乐，竟然不知道崩了！村长出来受罚。 ​
positive,好久没玩了 还是你大眼会勾引我 ​
positive,大内总管夹公公，谁崩了都得上个热搜 ​
positive,恢复了！哈哈哈哈哈，我的无限精力回来了！ ​
positive,我的7995关就差一步就又登顶了 ​
negative,果然，我就说怎么签到不了 ​
positive,好好好我只有今天没上结果崩了哈哈哈哈哈 ​
positive,开工第一天摸鱼的还不少
positive,今下午刚满级 ​
positive,已经很久没有玩开心消消乐了 ​
positive,怎么个情况？好久没有玩了呢？ ​
positive,谁能帮我过1586关 ​
negative,我也玩消消乐的 我玩到3910关以后 这几天就不更新了 没发往上冲了 原来是崩了 ​
positive,好的，因为这个热搜打开了开心消消乐酷酷玩了十几关 ​
positive,我一直断网玩 ​
positive,哈哈哈哈吓得我赶紧点进去看看还真崩了🤓 ​
negative,这游戏还有人玩? ​
positive,哈哈我朋友今天忙着见村长呢突然打不开还以为把它累着了😂 ​
positive,好久没玩了 ​
positive,一玩一时上瘾 ​
negative,之前玩到一千多关就没再玩了 ​
positive,我对开心消消乐就是想起来就玩一下，经常不玩但就是不删 ​
positive,乐观开朗，没心没肺，快乐加倍 ​
positive,开心消消乐好多关都要玩好多次才能过 ​
positive,还好下午的时候完成任务了 ​
negative,怎么办啊啊啊 ​
negative,很好奇，放假没崩开工第一天崩了？是大家第一天不想上班都在摸鱼吗？ ​
negative,刚开工就崩？不至于吧 ​
positive,好久没有玩了 ​
negative,上班第一天！游戏崩了？！ ​
negative,啊哈哈哈，咋地刚开工就崩啊 ​
negative,特别特别久没玩了 ​
negative,华安证券被安徽证监局采取责令改正的行政监管措施。有利益的地方就会有江湖。 ​
positive,我的没崩啊！ ​
negative,最近开心消消乐变得好难了，我以前一天能过十关左右，现在呢，十天能过一关就不错了。 ​
positive,我以为我家网坏了 ​
positive,哈哈哈哈哈速速给我修好 今天还没玩呢 ​
positive,我说我怎么登不上去 ​
negative,不是崩了，因为今天是龙年开工第一天，为了不影响大家上班关了，明天就好了！ ​
positive,刚刚玩的时候一直说我没联网，我还以为是自己家网有问题哈哈 ​
positive,这么多人玩吗？！ ​
positive,哎呀，好久没玩了！之前想玩就下载，不想玩了就卸了 ​​​现在让我看到是不是让我下载 ​
positive,超级无聊的时候会想起来玩两局 ​
positive,现在更新到多少关了？这两年都没怎么玩 ​
negative,消消乐都不想上班了 ​
positive,怀疑了我家的网络和旧手机，还重启了，就没怀疑是你崩了怎么还有这么多人玩这游戏啊 ​
negative,不是，这也能崩？我们开心消消乐的春天来了？ ​
positive,好了吗好了吗！！！ ​
positive,好久都没玩了，以前小时候很喜欢玩这个，怀念 ​
positive,我说怎么连不上网 ​
positive,巧了，我在玩宾果消消消 ​
positive,保卫萝卜没崩 ​
negative,怎么又崩了第一天开工就罢工！这可不行啊 ​
positive,是因为大家都上班了，要开心一下嘛 ​
negative,我的也崩了不让我领奖励你要干什么你告诉我我就这么点爱好你你你你 ​
positive,我说咋一直提示我没联网 ​
positive,开工哈哈哈哈打工人也累了 ​
negative,快点修复呀 我的快乐呀 ​
positive,前有欢乐麻将，后有开心消消乐，看来过年大家都是玩手机游戏啊 ​
positive,笑鼠，难怪妈妈刚才怎么都登不进去，你小子还怪火的嘞 ​
positive,我以为是我手机网络不佳 ​
positive,不懂就问，消消乐到底有多少关  ​
positive,居然上热搜了，原来不只是我还在玩消消乐啊 ​
negative,我还以为是我网不好🐒 ​
negative,我以为网坏了，怎么一直登不上去 ​
negative,几年前就不玩了 ​
positive,好家伙，好像第一次遇到 ​
positive,开工第一天呀 ，消消乐程序员就要加班了2024消消乐一定是红红火火啊，话说我晚上还想要过几关呢啥时候能好啊  ​
positive,我还以为我网卡了呢 ​
positive,啊，开心消消乐现在都这么🔥了。我最爱的游戏呀！ ​
positive,好久没玩了 又是我的回忆之一 ​
positive,寒暑假必玩游戏之一 ​
positive,好不容易才登录上去了 ​
positive,大学上课打发时间最爱玩了 ​
positive,现在好了吗，我准备玩儿去呀 ​
positive,开心消消乐恋爱脑程序员回来加班，万万没想到我们也是你恋爱play的一环，所以，崩的原因，会不会恋爱脑程序员和对象吵架了  ​
positive,有时候无聊打一局，刚打得我认为的困难，他不叫困难  ​
positive,那就去玩姊妹版的海滨消消乐吧 ​
positive,开工解压好办法压力太大才会崩哈哈哈 ​
positive,这游戏真的好多中年人都在玩欸，而且是中年男性居多，开心消消乐的受众真的难以想象[丰收了][丰收了][丰收了]srds，我玩到一千五百多关了 ​
negative,怎么回事 又生女朋友气了？ ​
positive,好久没有玩了，这会去玩一下，顺便看一下有没有恢复 ​
positive,我以为我手机卡了 ​
negative,咋了嘞 第一天上班就罢工了是吧 ​
positive,真的吗好久没玩消消乐了，这就去看看 ​
positive,程序员吵架了？ ​
negative,好长时间没玩了，怎么就崩了呢 ​
negative,咋了 刚开工就罢了？ ​
positive,超级喜欢这个游戏！真的太治愈了！ ​
positive,hi哈哈哈哈哈哈 ​
positive,哈哈哈感觉好古老的游戏啊 好久没玩啦 ​
positive,今晚加加油干通关！ ​
positive,哈哈哈哈哈哈，程序员辛苦了 ​
negative,哈哈哈，看到好多人说崩了我还不信，自己进去一看果然崩了，看来开工第一天大家都很闲嘛 ​
positive,程序小哥带着补偿来了 ​
positive,这个在小时候互联网不太普及的时候我很喜欢玩的一款游戏，玩到了一千多关，现在网络发达了，慢慢的不再玩了 ​
negative,怎么了，因为复工所以大家都开始摸🐟了吗？ ​
negative,大眼又报丧了，比谁报的都快。 ​
positive,恢复了要不要送我十分钟精力 ​
negative,难怪啊，我刚下载回来，那个号试了好多次就是登录不上去，，我还说咋回事啊 ​
negative,程序员可能第一天上班心情不好！ ​
negative,我说呢，怎么一打开就显示服务繁忙 ​
negative,怎么回事呀是不是听了专家的话第一天要少干活儿呀！  ​
negative,这不是一个简单的游戏崩溃，这个崩溃是让苦逼程序员的噩梦的存在。 ​
positive,工作两三年把这游戏玩到五千多关了 ​
negative,开工日来罢工，好吧，不摸鱼就是了 ​
positive,还好我昨晚上就通关了 ​
positive,不是，老铁你…有高速运转的机械进入种果 ​
negative,我说我怎么一直连不上网的状态 ​
negative,什么回事？上班第一天，消消乐就崩了？开心消消乐，节后第一天就崩了，程序员上班的第一天就要加班，大概率节后综合症，大家都在消消乐里回味一下假期，笑鼠 ​
negative,其实是我把开心消消乐玩崩了 ​
positive,这么多年手机里唯一一直存在的游戏  ​
positive,没有崩啊！刚又满级 ​
positive,我就说嘛一直联网失败，不过本周已通关的我无所畏惧 ​
negative,每次我都是在微博知道哪个APP崩的 ​
positive,程序员谈恋爱的事先停一停，快修复消消乐 ​
negative,我们消消乐也能崩真是少见 ​
positive,我的周末精力还没用呢 ​
positive,好了好几年，好好玩 ​
negative,实锤了，是拒绝上班的打工人 ​
negative,没玩，要不是大眼包桑，我真的不知道人家崩了。 ​
positive,才开始玩，我才58关 ​
negative,这是有多少人上班在摸鱼 ​
negative,你们摸鱼把我游戏  玩崩了  啥意思 ​
positive,哈哈哈哈我笑死了 这也崩了啊 我今天还看见我姐在玩儿 还有真的什么崩了都会上一次嘛 ​
positive,好久都没打开了 去看看 ​
positive,怪不得呢，登了好几次都说我没有联网 ​
positive,坦白吧，是不是码农们没领到满意的红包开心不起来呐 ​
negative,连这个崩了都通知啊 ​
negative,我就说刚刚怎么一直显示我没联网 不是 一个打发时间的小游戏也能崩啊大家开工第一天都这么闲的嘛 ​
positive,谁来帮我把这关过一下 ​
negative,我这都7600多关了，实在是觉得消消乐才是游戏的尽头， 在线寻找比我关卡高的  ​
positive,程序员不想上班直说嘛 ​
positive,因为一个词条玩了两个多小时，消消乐你的营销手段有一套 ​
positive,我也是手机里唯一的游戏，哪一年开始玩的记不清了 弱弱问一句，女生玩这个的多吗？ ​
positive,我是玩到没更新时候就把前面没达到三颗星的再玩一下补齐三颗星 ​
positive,已阅已阅已阅已阅已阅已阅 ​
positive,开心消消乐，我都怀疑过后面把原来的关卡拿出来  也没人能记得 ​
positive,我玩到1000多关了，有次手贱往上翻，翻到手机没电愣是没找到有多少关了 ​
negative,真相了，难道是，大家第一天上班都去摸鱼了 ​
positive,我说怎么今天玩着玩着说我没联网呢，我434关咯～欢迎来战 ​
negative,下载了好多次，卸载了很多次，这么多年才在700多关 ​
positive,估计程序员没上班吧 这游戏我也好久没玩过了 ​
positive,已阅已阅已阅已阅已阅已阅已阅已阅已阅已阅已阅已阅已阅已阅已阅已阅已阅已阅已阅已阅已阅已阅已阅已阅已阅 ​
positive,好久都没有玩过了 ​
negative,数据要保留 求求了 ​
positive,你们好小子 摸鱼摸到消消乐都崩了？ ​
positive,我甚至以为自己没话费，让老公冲了200，也没怀疑是它崩了 ​
positive,我好久没玩了 ​
positive,上班第一天你们把消消乐玩崩了？你们可真行！不过我在浮生忆玲珑里玩消消乐，虽然没崩，可把我急坏了！加油！继续冲！ ​
negative,唯一的消解也崩了 ​
positive,我已经打到了一千四百五十关 ​
positive,可能是程序员也有他自己的心事儿 ​
negative,就说我刚才怎么一直进不去 ​
positive,开心消消乐你再不修复漏洞，我就鞭策你 ​
negative,我是网络太上皇，我宣布开心消消乐崩了，程序员是哄他对象了 ​
positive,我都已经好久没玩了，是该宠幸宠幸你了 ​
positive,没事，来这玩！消防员们邀请你一起来PK～  ​​​
positive,好玩吗？没玩过呢 ​
negative,啊啊啊啊啊啊啊啊还我无限精力 ​
negative,消消乐居然崩了，开工第一天就被玩崩了快点修复一下吧，我等着签到进游戏赏灯呢 ​
negative,笑死了 大年初九开工第一天消消乐就崩了程序员是不是要疯了    ​
negative,为什么连不上网了! ​
negative,请问这个炮存在的意义是？？？？ ​
positive,消消乐崩了，但是不影响我中奖吖~和我的小伙伴同框中奖，好开心吖[锦鲤附体][锦鲤附体][锦鲤附体]~ ​
negative,崩了？不会又是程序员在准备表白吧 ​
negative,我甚至怀疑是我手机出问题了，都没怀疑是崩了，我还给手机重启了主要是这几天我的网时不时就不行了 ​
positive,我玩这种游戏会特别没有耐心看到可以连接消的我就立刻点，但是我有个朋友很喜欢玩的，她会算好几步 ​
positive,感谢消消乐送的十五分钟的魔力鸟才能让我满星通关要不然七只蜗牛我真不知道该怎么办   ​
positive,晚安啦，明天再玩，哈哈哈哈哈哈哈  ​
negative,为什么有的超难关很容易就过了有的超难关就特别难呢🫙里的小动物要是能移动就好了  ​
positive,哇哦，好难呀树叶形的石头在边角也太难点亮了吧过了三回才满星过关嘻嘻  ​
positive,开心消消乐崩了没有赶上，但是村长给的补偿，小村民我赶上了 ​
negative,消消乐崩了，怎么回事？开工第一天就崩了，一定是太火爆了程序员又要加班了吗 ​
positive,啥时候的事儿啊？不知道呢，只是进游戏的时候给发补偿了，我又轻松过关了📝记录一下  ​
positive,哈哈哈这是为啥呢？是上班大家都在玩消消乐？ ​
negative,是开工了不开森吗连续六天的工作日还要继续呀大家早点休息吧晚安，好梦哦 ​
positive,晚安消防安全提示：不要一边充电一边玩手机哦 ​
negative,怎么，刚开工就罢工？ ​
positive,我今天好像buff叠满了居然连着两个满彩星而且几乎都是一遍过只有个别几个没过去然后第二次过直接彩星通过 ​
positive,不错不错，好玩好玩！！嘿嘿！！但是玩的不好  ​
negative,崩了之后，凌晨打开，陪的这些东西完全点不了，整个APP点都点不了，领取按键，还有❌都点不了 ，不管wifi还是流量都点不动 ​
positive,人生就像开心消消乐关关难过关关过生活就是这样慢慢的满满一些美好正在井然有序的发生着晚安～   ​
positive,✨ 💜542 多元素的一关 有我们厉害的小鸟帮助也不会怕啦开班第一天你们还好吗⭐ 和竹竹一起开心消消消  ​
positive,消消乐是我最喜欢的 游 戏 有网 友把这游 戏快通guan了，觉得不够玩，就喊进程员快点加班继续添加guan 卡，哈哈哈！  ​
negative,崩了吧，一直说我没联网。今天还有48分钟的周末精力和赚的半个小时精力还没有用呢，什么时候才能恢复好啊 ​
positive,🤑 514三彩星⭐一次通关，错过精彩部分，只录到一个尾巴  ​
positive,消防安全提示：不要一边充电一边玩手机哦～  ​
negative,什么！为什么崩？因为你们都在摸鱼 ​
negative,你们还玩消消乐吗？unbelievable  ​
negative,不是，开工第一天就崩了吗？哥哥，咋回事啊？  ​
positive,没事，来这玩！消防员们邀请你一起来PK～ 山东消防的微博视频 ​​​ ​
negative,刚开工还不想上班 ​
positive,这会好了，继续闯关吧，这是我手机里唯一一个游戏，也是用来打发时间的 ​
positive,想问一下消消乐现在更到第几关了  好几年没玩儿过了最近又下了回来   玩儿到了5145但是 不知道一共多少关了 ​
positive,怎么了还有两关通关，今天还没打开 ​
positive,下午好！哈哈哈 ！好好玩哒！！爱了爱了！明天继续玩～  ​
positive,一觉睡到现在听说昨晚大伙把消消乐服务器干崩溃了，厉害了我的老铁们这会子我来收集个宝石，一点都不卡，真的。过关嘎嘎快。1947关，彩星通关！   ​
negative,兄弟们，我来添堵了 ​
positive,开心消消乐8⃣️6⃣️9⃣️关不错不错首闯三星⭐好多小黄鸡🐥太可爱了加油加油900关快啦  ​
positive,消消乐员工过完年还没上班么 ​
negative,8️⃣1️⃣7️⃣关把雨梦折磨坏了，第四次才通关，这也不是什么困难超难关卡，中间经历好多次无消除的给我打乱，心态崩了呀这一关你们过了多少次，看看雨梦是不是最笨的   ​
negative,你怎么又崩溃啦，咱周五罢工呀 ​
positive,还没有弄好呀干什么呢周五就放假啦 ​
negative,为什么还是崩的状态呀 ​
negative,崩了吗，为啥总是显示在其他手机登录 ​
negative,你是周五罢工吗。。。 ​
negative,午睡后的一局开心消消乐，第2306关差点崩了，你们最高关是？  ​
negative,周赛崩了？快结束就闪退还无法恢复，三次了 ​
negative,为啥登不上去账号了，噗 ​
negative,这么多都是本宫开箱子开到重复的攒下来的，24年好像一个新衣服都没开到过！！！！！我真的要生气了！！你别太过分了每次攒一周的箱子，大概有四五次，什么都没有，什么都没有！！！！！我真的心态要崩了好吧 ​
positive,340关！小红书崩了？消消乐不会崩心情不好来一局，什么小豌豆直接过关  ​
positive,消消乐崩了第一个坐不住的竟然是妈妈粉哈哈哈！！     开心消消乐     搞笑     程序员  ​
negative,它怎么崩了，进不去 ​
negative,是不是崩了，无法登录啊 ​
negative,我的游戏连不上网了怎么回事，别的应用软件都有网 ​
negative,玩着玩着又崩了 ​
negative,又崩了 还想收几个果实攒一下能量玩玩 ​
negative,刚花钱买了40分钟道具，，你跟我说你崩了？？？？ ​
negative,你崩了？ ​
positive,原来是崩了 我还以为家里网络有问题🤨 ​
negative,怎么回事我在补星你居然崩了 ​
negative,正需要你的时候你怎么崩了! ​
negative,求求了赶快把崩了的服务器修好，我好不容易又满级一次 ​
negative,崩了？？？还是咋滴？？ ​
negative,怎么回事啊系统崩了 ​
negative,系统崩了？啥情况 ​
negative,怎么回事啊 突然崩了！ ​
negative,崩了呀呀呀！！我还以为我手机出问题了 ​
negative,崩了？ ​
negative,你咋又崩了快点修复，我还要玩呢 ​
positive,怎么连不上网 ​
positive,原来大家都在反应这个“破游戏”的网络崩了，我以为是我自己的问题呢！既然大家都有问题，那我就放心了！ ​
negative,怎么又崩了，讨厌 ​
positive,能不能快点修好 ​
negative,崩了领不了奖品 ​
negative,夸张，连不上网 ​
negative,连不上网，我怀疑我的网都没怀疑你，我还一直在骂什么破网，结果一看，原来不是我家网的锅 ​
positive,快点呀 ​
negative,怎么回事啊☹️我还以为我网络的问题。你也是出息了，服务器崩了☹️ ​
negative,原来大家都是连不上网的状态下，我还以为是我的网络不好了呢 ​
negative,崩了不是？ ​
negative,消消乐怎么了为什么连不上网了 ​
negative,想玩的时候崩了 ​
negative,后台崩了？ ​
negative,后台崩了？咋登不上了？ ​
negative,我还留着精力瓶了 这说崩就崩了 早知道白天就用了，快快修好吧，听见我们的心声吧，啊啊啊啊啊，熬了一天的班。。。。。 ​
positive,村长到底在哪里  ​
negative,开心消消乐又崩了好烦 ​
negative,崩了，打开的话活动也不显示了 ​
negative,什么情况，进出几次了还以为我网不好 ​
negative,为什么崩了登录不了啊 ​
negative,什么情况？？？登不上去 ​
negative,服务器崩了嘛？？？ ​
negative,一直连不上网5555 ​
negative,我今天还没完那个猫呢 快修！！！ ​
negative,不是，怎么崩了 ​
negative,你行不行啊 崩了俩小时了 还没修好 ​
negative,什么情况 服务器繁忙 ​
negative,？？？发生了什么 ​
negative,九点前能好吗，要睡觉了 ​
negative,什么时候能维护好啊 ​
negative,好气，啥软件能崩这么久，今天还能好吗？还没签到呢 ​
negative,我的快乐没了 ​
negative,我还以为是WiFi问题，没想到是崩了 ​
positive,我正在消除节活动参与 福利抽奖，每日发博、互动、签到就能获得抽奖机会！限时精力、道具礼包，我全都要！消消乐服务器崩了，好无聊啊 ​
negative,还能不能好了！消消乐也能崩，我人崩了……开心消消乐不开心了 ​
negative,啥情况   一直加载不出来 ， 我还没有签到呢  ​
negative,啥时候能好啊！！ ​
negative,你干嘛呀 还要修多久 ​
negative,干啥呢？我还没签到呢！ ​
negative,怎么了，快点恢复 ​
positive,到底啥时候能好 ​
negative,你又崩了啊，给我补偿飞车币就行 ​
positive,开心消消乐崩了？ ​
positive,还没好吗真的很需要玩 ​
negative,我一般都是手机信号不好的时候才会玩 ​
negative,赔我风车币啊你 ​
positive,我以为我号出问题了 ​
positive,已经通关啦，不急 ​
negative,今天还没打完呢🥺 ​
negative,，你还在玩吗？  ​
negative,连不上网，我一点也不开心 ​
negative,那么久了还没修好？ ​
negative,【 】7月25日， 发博回应系统异常、连不上网等问题，表示正在加急处理。亲爱的小村民们，由于服务器故障，导致部分小村民出现：无法进入游戏、游戏数据异常、无法参与活动、排行榜显示异常等问题，目前程 ​
                    【 】7月25日， 发博回应系统异常、连不上网等问题，表示正在加急处理。亲爱的小村民们，由于服务器故障，导致部分小村民出现：无法进入游戏、游戏数据异常、无法参与活动、排行榜显示异常等问题，目前程序员小哥正在加急处理，请小村民们耐心等待，给大家带来的不便敬请谅解！ ​​​
positive,不可能一晚上没修好 应该是程序员今天晚上是不打算加班了！所以请重重补偿 ​
positive,开心消消乐，为啥还不能登录 ​
positive,真的是放假了呀！玩的人猛增的缘故吧 ​
positive,笑死了 之前我朋友说开心消消乐不要流量也能玩 ​
positive,我还以为我家网有问题，退出好几次 ​
negative,还是不行啊，还能不能好了 ​
positive,想起在学校突然想玩这个游戏，用室友的号一天玩了几百关 ​
negative,还没好怎么办呀 ​
negative,妈耶  为什么  是崩了吗 ​
positive,在这个盛夏，阳光炽热如诗，空气里弥漫着热烈与活力。带着小时光，为这灿烂的季节带来更多美好与可能。     ​
                    在这个盛夏，阳光炽热如诗，空气里弥漫着热烈与活力。带着小时光，为这灿烂的季节带来更多美好与可能。      ​​​一边听歌一边玩游戏的有没有
negative,天呐，还记得上一次玩开心消消乐还是五六年前，时间过得真快啊。希望工作人员尽快处理好呀，还有我想知道这个东西真的有尽头吗 ​
negative,开心消消乐的服务器也会崩，突然登不上了，我还说为什么进不去，气得我删了重下  ​
negative,突然玩不了了，来说说看，你们今天开心消消乐能连上网吗？  ​
positive,我趣…..21年买的4s现在还能玩消消乐
negative,下午看到热搜说开心消消乐崩了，过了这么久以为都好了，刚去看，结果还是服务器繁忙，请稍候再试
positive,消消乐这么火爆了咩，居然玩崩了，看来还是经典游戏经得起考验啊
negative,小伙伴您好，很抱歉给您带来不好的游戏体验，游戏服务器出现了异常导致无法正常游戏，目前在陆续恢复当中，建议您早点休息，调整好状态，明天继续努力闯关。由于服务器异常造成的签到、周赛次数等损失，会在修复后统一补偿，感谢您的理解与支持，晚安~
positive,今天还说到消消乐昨天服务器崩了今天不送点补偿接着登录就送了两次半个小时精力加金币哈哈哈哈哈哈 ​
negative,又崩了，我哭死
positive,我发现我真的是一个无聊又长情的人，看到热搜开心消消乐崩了，然后点开我自己的，突然发现从2014年游戏上线开始我就玩了，只要换手机都会下回来，到现在已经有十年了……怎么时间在我不知道的时候就溜走了 ​
positive,所有人刚开工都在摸鱼消消乐，只有消消乐员工在加班哈哈哈哈
negative,开工第一天，我心态崩了，消消乐你也是呀哈哈哈
positive,一年多没玩了，听到 开心消消乐崩了 又去加载了一遍，果然无法连网 ​
positive,『今日份最好笑』
positive,开心消消乐崩了
negative,开工第一天消消乐过于火爆把服务器干崩了”
negative,不是吧，开心消消乐服务器也炸了，这说明啥，说明大家的年过的太快了，都没过够瘾，都不想上班hhh
negative,不是只有我一个人登录不上去吧？不会是程序员又和女朋友吵架了，然后罢工了吧
negative,关这关 玩到系统都崩了
positive,开心消消乐刚刚是不是崩了 ​
negative,消消乐现在这么火吗，服务器都进不去了
positive,昨天晚上听朋友说开心消消乐崩了，他昨晚想玩，结果玩不了，郁闷的找我，说我安利给他，结果他正玩了上头呢，哈哈哈，刚刚我喊他一起来开心消消乐。
positive,吐司🍞一周穿搭Pt.124
positive,761关有许多小黄🐔和两只魔力鸟被树藤困住啦
negative,开心消消乐你系统怎么又崩了 ​
negative,消消乐你咋崩了
negative,我的脑子你到底都在忙什么请问
negative,卡好久都过不去，差一点儿心态都
negative,真的坠了
negative,…………我现在全身心都在消消乐身上了，感觉分不出心神想其他的…………可能40抽啥也没出让我心态崩了
negative,开心消消乐你怎么崩了 ​
negative,旧的不去新的不来手机就猝不及防的卡崩了但是好好的再给我扛几个月再崩哈。
negative,我的开心消消乐（没联网 仅保存在本地版）崩了！！闪退！！
negative,七月尊嘟好忙，每天都在房间上课吃饭睡觉~已经4天没出过房间了
negative,消消乐 你竟然崩了 ​
negative,开心消消乐服务期崩了
negative,玩着玩着服务器崩了 啥时候能修复
negative,我服辣难得心血来潮想玩两把开心消消乐结果又遇上服务器崩了 ​
negative,开心消消乐怎么又崩了我要不开心了 ​
negative,消消乐又崩了 ​
negative,开心消消乐竟然崩了
negative,开心消消乐怎么连不上网了。。必须补偿我100个金币 ​
negative,消消乐为什么崩了！ ​
negative,开心消消乐居然崩了
negative,开心消消乐服务器怎么崩了啊啊啊 ​
negative,开心消消乐怎么又崩了
negative,开心消消乐咋回事，咋又崩了 ​
negative,开心消消乐怎么崩了
negative,开心消消乐怎么还没修好啊 我已经半个小时连不上网了 ​
negative,消消乐居然崩了
negative,快点好！！！ 马上又能100金币了 我的彩星冲刺第一名奖励也还没发呢 补我点补星精力瓶我就原谅你崩了这么久
negative,消消乐服务器不稳定，是因为最近的大雨吗？
positive,开心消消乐崩了？ ​
negative,玩个消消乐 服务器崩了
negative,消消乐崩了，我伤心了，还我消消乐 ​
positive,开心消消乐是不是崩了
negative,开心消消乐怎么又崩了……… ​
negative,消消乐竟然崩了 ​
negative,亲爱的小村民们，由于服务器故障，导致部分小村民出现：无法进入游戏、游戏数据异常、无法参与活动、排行榜显示异常等问题，目前程序员小哥正在加急处理，请小村民们耐心等待，给大家带来的不便敬请谅解！ ​
negative,一点血性都没有 ​
positive,发动爱人的能力了 ​
positive,性别互换，妇女报微博小红书抖音瘫痪 ​
negative,不管什么原因，这样的人不配当教练 ​
negative,体育不是暴力吧？？？这位教练是不是该给家长一个交代 ​
positive,请速速关注这件事！ ​
negative,顶顶，必须让那个女神经付出代价，心疼球员中国篮球就是被这种神经毁了 ​
negative,这没热度么，赶紧抓起来啊。 ​
negative,难道因为你是教练就可以如此对待一个孩子吗？你的良心不会痛吗？你没有子女吗？应该让你的孩子看看你是如何的丧心病狂！！！ ​
negative,天呐？这是为人师表吗？真的不会给人打自闭吗？ ​
negative,这个女人，别放过她，家长报警吧！ ​
negative,不说所有，但是在体育界教练打队员太正常了，只是绝大部分没被拍到而已😢😢😢 ​
negative,这种人都能当教练 ，小球员不懂得回她几个巴掌吗？ ​
negative,太可怕了，教练随意侮辱队员，掌握运动员的职业生涯，碰到这种人渣真的太惨了 ​
negative,有大病吧这教练，殴打未成年人 ​
negative,? ? ? 我靠  想干嘛呐 这是 看着真是直冒火 ​
negative,再怎么样你也不能打脸啊 人家家里都不舍得打脸你说打就打了？ ​
negative,看了好多遍视频，久久不能平静，这孩子父母看到，得多心疼啊！这个女教练，你不当母亲吗？你这样对待他，他没有自尊的吗？这下手太狠了 ​ ​
negative,这样的人也配当教练，这是花多少钱拿到的这个工作啊？还是后面人太硬了，打人都不犯法的啊！ ​
negative,我去，这女的一看就是老手了，手势熟练啊！队伍里都是这样的风气吗？难怪现在都说孩子千万别走体育路线 ​
negative,我要是家长看到这画面，立马冲进学校给她干回去，属于体 罚青少年了吧，wei法了吧 ​
negative,真的太过分了，不管怎么样都不能抽别人耳光，这样太不尊重人，家长看着得多心疼啊，坐等后续 ​​​
negative,来顶🔝一下，送上去！看了好多遍视频，久久不能平静，这孩子父母看到，得多心疼啊！教育是可以这么暴力的吗？还是个女教练，你不当母亲吗？太狠了 ​
negative,我完全不能理解，这种 教 练 平时就是这样教 育孩子的么？我不能想象他妈妈看到的时候会多么伤心 ​
negative,2024年全国体校篮球锦标赛预选赛（西宁赛区），中山东路体校球员被女教练连扇耳光。 ​​​
positive,这种勺不知道能起个什么作用 ​
negative,原来这叫液体勺，挖不动饭，也盛不住汤是不是这种勺子成本低啊  ​
negative,抵制有颜色的餐盒！这是勺子更加了，都不知道是什么东西回收再生产的，卫生安全堪忧啊 ​
negative,我一般都不用这个勺子，真的很难用 ​
negative,这东西还没有手好用，真的无语，谁发明的烂东西 ​
positive,我一般不用这种 还没有手好用 ​
negative,这种勺子真的不好用，每次拿出来上面都感觉有一层灰似的！ ​
negative,真的很像一拳打在棉花上，难用的很，不知道是谁发明的大部分外卖店偏偏还都是这种勺子 ​
positive,额我觉得还好啦 ​
negative,真的不喜欢用这种 ​
negative,外卖的一次性餐具 大多数都很脏 ​
positive,吃饭根本不好挖 ​
positive,这种勺子还会把菜弹飞 ​
negative,老乡鸡的勺子也差不多，虽然没特别软，但吃饭还是不太行，一周点三四次老乡鸡，能不能请求你们改一改，勺子只能喝汤和吃炖蛋，我喜欢吃菜吃饭用勺子挖着吃 ​
negative,瞬间就不想吃了！看起来都跟劣质！ ​
negative,上次看到一个科普，说这种黑色的勺子都是什么废料染黑的。从那之后就再也没用过了 ​
negative,可不都是这种勺子吗 ​
negative,这个勺子真的不好用啊 ​
positive,这勺子不就是用来舀汤的吗，我觉得功能够了。最烦的是买泡面里面送的那个叉子，也没有别的可选择的用餐工具，叉子一点也不好用，我都是自己另外备筷子 ​
positive,以后能不能给外卖勺子指定一个标准啊 碰到这种勺子心里都踏实不少 ​
negative,😡点外卖遇到“液体勺”真的让人崩溃！🍜汤面没勺，只好用吸管吸？🤣这是考验我的内功吗？还是外卖小哥的恶作剧？😅希望店家能重视，下次别再让我“喝”面了！🙏  ​
negative,特别烦啊 根本吃不到几口东西 就和勺子斗智斗勇了 ​
positive,还好我没遇到过 ​
negative,甚至还有用这个吃很硬的食物的 气死 ​
negative,不明白这种勺子是怎么进入市场的？ ​
positive,没有遇到过 但可以点筷子 ​
negative,是的，这种吃起来一点也不方便 ​
negative,外卖里的一次性餐具其实非常不卫生！特别是黑色外卖勺，有添加回收塑料。有条件的朋友们还是用自己的餐具吧 ​
negative,外卖不都是这种勺子吗？ ​
positive,还好一般会有筷子 ​
negative,我这个歪果仁第一次看到这个词，液体勺 我也讨厌液体勺 ​
positive,液体勺什么东西？🤔 ​
positive,不懂就问液体勺又是什么东西…新发明？ ​
positive,我吃东西其实很少用勺子 ​
negative,我丢都成老巫师了真的很讨厌！！！能不能可以拒绝❌ ​
positive,张云雷《盛夏时光请回答 (feat.泸沽湖合唱团)》   ​
negative,从碗的边缘伸下去用，或者就用筷子🥢，不过，也确实不太好用，就不能硬梆点 ​
negative,我还是第一次见到这种勺子 ​
positive,也不全是这样的 ​
negative,真的！！感觉饭都不香了！！ ​
negative,是的是的，我感觉都不干净 ​
negative,外卖贵的品牌会有自己的包装和筷子勺子，大多数都是廉价的。 ​
negative,不是全都是这种吗？但是我都不用 ​
positive,勺子生怕你伤了食物一根毫毛 ​
positive,只要有勺，基本都是这种黑色的。都点外卖了，健康可不会撂一边了么。话说回来看不见当不知也是有好处的，我今天在路边摊点个凉皮我真的服气，因为起风了，她家轻飘飘的塑料盖吹地上了，那买凉皮的年轻女孩就捡起来，我以为她要扔了或悄摸给下一个人用呢，好家伙她当着我面还 ​
                    只要有勺，基本都是这种黑色的。都点外卖了，健康可不会撂一边了么。话说回来看不见当不知也是有好处的，我今天在路边摊点个凉皮我真的服气，因为起风了，她家轻飘飘的塑料盖吹地上了，那买凉皮的年轻女孩就捡起来，我以为她要扔了或悄摸给下一个人用呢，好家伙她当着我面还在我的凉皮打包盒上。我当场就说，你这地上捡起来的？她承认了，然后说我们盖盒是配套的，没有多，不然就会给你重拿一个了，我真服气！
negative,这种外卖勺子很脏的尽量别用。 ​
negative,我直接摔了 用自己的 ​
negative,尽量不要用一次性餐具！健康环保一举两得 ​​​
negative,我一般直接就把饭往嘴里倒了 ​
negative,舀不上来啊啊啊啊平常吃外卖遇见这种勺子真的要命 ​
negative,这种勺子，碰到那种热汤什么的都软化了 要是不想送勺子，商家就别送了，开开心心吃顿饭，结果碰上这种液体勺，好心情都没了 ​
negative,这种勺子真的太鸡肋了，本来中午就饿吃个饭也不方便 ​
negative,外卖中频繁出现的液体勺，特别不方便，而且不卫生！！影响用餐体验！！建议商家重视顾客反馈，增加普通勺子供应，提升服务质量！！ ​
negative,这种真的很讨厌，吃不到一点，就不能配点好点的吗 ​
positive,啊啊啊啊啊啊笑死我了液体勺 ​
negative,商家: 我也没心思你能倒着用? ​
negative,是的，我也很讨厌，就是软趴趴的也挖不住东西 ​
negative,真的特别烦这种勺子，用不了一点，不知道生产这种勺有啥用 ​
positive,也可以加两块钱让外卖店员给你买一个。 ​
negative,我大学吃两年了你现在跟我说有毒啊 ​
positive,我买了一套不锈钢叉子汤匙筷子才十几块  很好用 ​
negative,烦!勺子也有肌无力的 ​
positive,点外卖从来不用里面的勺子，在家就用自己的筷子和勺，在外面尽量不要 ​
positive,居然没遇到过这种勺子 ​
positive,实在不行你送我个手套也行，我抓着吃 ​
positive,点外卖不用勺子，只用筷子嘻嘻 ​
negative,这种勺子是真的很软 钥不到就算了 还不易断 我真的服了 请以后生产这种勺子的人 都用这种勺子吃 ​
negative,对对对，我永远都忘不了  想把炸蛋闭掉点油，它直接给我反弹飞溅了一身 ​
negative,我也很讨厌 就不能好好做咩 每次吃饭都很烦人 ​
negative,这勺软软的不顶用 ​
negative,这个勺子确实不好用 ​
negative,每次都是拿自己的勺子吃的，这种勺还不如筷子好用 ​
positive,额，我觉得还行吧，不是很讨厌外卖点到这个 ​
negative,建议：黑塑料勺子不要用。去超市里买个不锈钢勺子，不锈钢制品很便宜的 ​ ​​​
negative,到底是谁生产的 谁发明的 出来挨骂 ​
negative,我不太喜欢这种勺子 ​
negative,到底是谁在发明这些没多大用的小玩意儿 ​
negative,为什么我每次都要把外卖盒掰坏 ​
negative,颜色越深的塑料勺，最好别用 ​
positive,用自己的🥄比较健康点不是说黑色的勺子不要总拿 ​
positive,开始都没看懂啥意思 ​
positive,欧克欧克 好滴我知道了 能不能以后生产这种勺子的都用这种勺子
negative,软趴趴的 还一股味道 ​
negative,还有黑色的饭盒。受不了一点。。 ​
negative,真的很讨厌这种 ​
negative,对 这样很不舒服 一不小心就会喷油什么的 不如硬的 ​
negative,还有肯德基早餐喝粥的那个勺子，那能叫勺子吗？平口的居然是… ​
positive,还是自己做饭啊 ​
negative,这种勺子确实很讨厌，根本就用不了，强烈建议取消 ​
positive,哈哈哈哈哈感觉软趴趴的有股味 ​
positive,托尼：努力了半天食物还毫发无损，这是不是《我和搞笑男的日常》在起作用？这现象是过渡时代的现象，我想，做起这段历史来，只能看这重在那一面，便将它归入那一类。如小说家也做诗，则以小说为主，而将他的诗不过附带的提及。 ​
                    托尼：努力了半天食物还毫发无损，这是不是《我和搞笑男的日常》在起作用？这现象是过渡时代的现象，我想，做起这段历史来，只能看这重在那一面，便将它归入那一类。如小说家也做诗，则以小说为主，而将他的诗不过附带的提及。
positive,点了，艾特黄焖鸡和徐大川剁椒猪脚饭然后再感谢小谷姐姐麻辣烫 ​
negative,是真的很讨厌 不是一般的讨厌 哇 恭喜恭喜 只有河南的人才知道考上清华是多么难的一件事情
negative,这种勺子真的不好用 ​
positive,还好我一堆一次性筷子，每次看到这种都不会打开 ​
positive,巧了 半个小时吃外卖就点到的液体勺 ​
negative,这种勺子外卖拿到都直接丢了，饭菜挖不动，汤水搂不住 ​
negative,20块钱的外卖那么多逼事儿，你自己不会买个勺子 ​
negative,加班，外面吃一顿，发现这个座位在面壁 ​
negative,我也讨厌这样的勺子，又小又敷衍，吃饭都不痛快 ​
negative,我要是碰到液体勺 都是坚持在用 班味很重且能忍 ​
positive,狠狠支持住了 ​
negative,是这样 不止亿点无语… ​
positive,外卖餐具和盒子比较好的店家，好感度会增加 ​
negative,蜜雪冰城擓圣代的都比这个强 ​
positive,特别喜欢古茗的那个勺子，蜜雪冰城的有点小，Coco的有点长，古茗的那个长度真的很合适拿来吃饭，每次买奶茶配勺子用完之后洗一洗，吃两次饭再扔 ​
negative,遇到这个我真的会无语吃个饭费劲 ​
negative,这种情况真的让人恼火！商家难道就不能多考虑一下消费者的实际体验吗？液体勺根本无法正常使用，严重影响用餐心情。这是对服务细节的忽视，也是对消费者权益的不尊重，必须改进！ ​
negative,这种勺子看着就好脏 ​
negative,我永远不会忘记那天中午点了一碗麻辣烫，用这个勺子吃丸子，搞的工位窗帘上全是油，为此我还专门买了瓶洗洁精，下午刷了半天… ​
negative,我也觉得这种勺子贼不好用，有没有人管一下？🔍 西柚一口珉包包，会有好东西哎！❗❓任何人错过这个我都会伤心的ok❓❗ ​​​
negative,好像说这种黑色的一次性勺子最不卫生 ​
negative,是真的真的真的真的真的很讨厌 因为吃不到东西 只有河南人才知道考上清华的含金量
negative,这不是巧了吗？我今天点的外卖，筷子只有一只，我就用这种液体勺摇摇晃晃的吃了半天！关键是，我的冒菜里好多海带丝豆皮丝豆芽这种条状物体好难勺！！！好艰难的一顿饭啊！ ​
negative,我记得这种黑色的勺子好像最不卫生 ​
negative,这种勺能不能别生产了 ​
negative,同意 最讨厌这种勺子 而且特别容易断 ​
negative,这种勺子建议直接停产。 ​
positive,每次拿到这勺子我都要疯了。 ​
negative,听起来就很恐怖 希望福建的人都能安全真的很讨厌 感觉不卫生还很难用 所以我外卖里的东西除了吃的 比如像筷子和勺子我都用自己的生怕搞到什么 ​
positive,天天都是液体勺 ​
negative,这种勺子都是废旧塑料做的，最好别用！！ ​
positive,每当我们打开外卖平台，期待的是那份美味与便捷。然而，有时那些不经意间的细节，却能让原本美好的期待瞬间化为泡影。最近，我发现越来越多的外卖商家加入了“液体勺”这一描述，这不仅让我感到困惑，更是心生厌恶。“液体勺”这个词，听起来就让人摸不着头脑。难道是指 ​
                    每当我们打开外卖平台，期待的是那份美味与便捷。然而，有时那些不经意间的细节，却能让原本美好的期待瞬间化为泡影。最近，我发现越来越多的外卖商家加入了“液体勺”这一描述，这不仅让我感到困惑，更是心生厌恶。“液体勺”这个词，听起来就让人摸不着头脑。难道是指用勺子来盛放液体？这样的描述不仅缺乏专业性，更让人感觉商家在敷衍了事。对于我们这些消费者来说，我们更希望看到的是关于食材、口感、分量等实质性的描述，而不是这种空洞无物。更重要的是，这种“液体勺”还透露出一种不真诚的态度。它让我们觉得商家并不尊重消费者的感受，也不关心我们的用餐体验。在这样的商家面前，我们很难产生信任感，也更难享受到美食带来的愉悦。因此，我呼吁外卖商家们能够重视，用真诚、专业的态度来介绍自己的产品。只有这样，我们才能在外卖平台上找到真正的美食，享受到愉悦的用餐体验。
negative,反正不管是不是液体勺，外卖的勺子几乎全部是黑色勺，不是说这种有毒吗 ​
negative,用这种勺的无力感be like：宝宝 你亲亲它就好了 ​
negative,真的很讨厌外卖点到液体勺，这个词条可能涉及到一些消费者体验或服务问题的讨论。提升服务质量，是每一个服务提供者需要考虑的问题。 ​
positive,勺子: 你能挖到算我输 ​
negative,用过才懂，在学校点外卖的时候好多这种勺子，吃的好累 ​
positive,这个勺子用来喝汤比较合适 ​
negative,深有同感 吃着吃着就吃急眼了 我希望生产这种勺子的人 以后只能用它吃饭 ​
negative,这个有时候饭都挑不起来 ​
positive,不太用这个勺子，都用家里的比较卫生又干净 ​
positive,是啊是啊 ​
positive,就是女神就是就是说 ​
negative,真的 这种勺子无语死了 一热就变的软趴趴的 汤挖不起来 饭也是 ​
negative,我建议如果用这种勺子的商家下次别吃这家，会用这种的都是没良心的商家，更别提他们做出来的饭是什么样子呀 ​
negative,不理解生产这个勺子的初心是什么……摇个汤都颤颤巍巍的 ​
negative,感觉是二维的跟纸片一样 ​
positive,嗯。一共有三件事情，首先呢，先说这第一件事情这。他这个第一件事情呢，第二件强嗯。也没有第二件事情重要那所以我们要说的是第三件事情第三件事情呢，他非常重要他比。他比第一件事情和第二件事情都重要所以就先说第一件事情那。那第一件事情呢？怎么让你们知道这是 ​ ​
                    嗯。一共有三件事情，首先呢，先说这第一件事情这。他这个第一件事情呢，第二件强嗯。也没有第二件事情重要那所以我们要说的是第三件事情第三件事情呢，他非常重要他比。他比第一件事情和第二件事情都重要所以就先说第一件事情那。那第一件事情呢？怎么让你们知道这是 ​ ​​​（我在蹭ydl）
negative,啊？这种黑色勺子就是那种可能掺了不好塑料的液体勺那我这大学四年可是没少用啊，毕竟大部分外卖商家配的全是这种一次性餐具 ​
negative,被烫歪了会不会有毒？？？ ​
negative,这种勺子真的鸡肋用点力就断了 ​
positive,我們這玩木刀木叉紙湯匙紙吸管 ​
negative,我也是，讨厌。我都用我家里的勺子吃外卖🥡 ​
negative,点了 但是我这儿点80次外面79次都是这勺……所以基本只用筷子（筷子毛刺还扎手 ​
negative,这种很多的，商家也是为了节省成本，有些勺子是真的质量不太行，稍微用点力，就断了 ​
positive,还好我不点外卖 ​
negative,我早就想骂生产这个勺子和提供这种勺子的商家了 丧良心 ​
positive,学习时候的我和写文时候的我 ​
negative,同款讨厌！！甚至觉得它要化到饭里面了😫😫😫会不会对身体不太好呀？ ​
positive,原来这个叫做液体勺 ​
positive,笑死了哈哈哈哈他明明可以不给我勺子的可他偏偏还给我一个液体勺 ​
negative,之前看到过，说这些一次性用品，都是用回收塑料做的，达标的才能做成食品级一般都是透明的，然后越差的塑料就做不出透明的，所以就会加其他颜色去，现在要是用一次性的我都只用透明的，其他白色黑色我都不用也劝大家别再买那些打包盒勺子这些五颜六色外卖了 ​
negative,软了吧唧的 舀饭根本就不行 ​
positive,从不用外卖勺子 ​
negative,受不了，我宁愿用自己的！洗都可以！ ​
positive,哇咔咔哇咔咔哇咔咔 ​
positive,注意安全 能不能以后生产这种勺子的都用这种勺子
negative,所以吧……这一次性餐具质量也逐渐令人堪忧啊 ​
positive,搁我表演舀上个饭看看 ​
negative,对 根本舀不起来 宁愿用家里的 ​
negative,嗯呢一般这种勺子都不要用了 根本不知道有多脏 ​
negative,我也很讨厌，吃东西一点都不方便讨厌死了 ​
negative,因为这勺子还有一股味儿一不小心就会喷油什么的 很难使用不如硬的 ​
positive,哈哈哈宝子们，你们点外卖遇到过液体勺吗？你点外卖还遇到过什么奇葩经历，来评论区唠唠吧~【转评赞】抽1宝子送上大众点评折扇~ ​
negative,这勺子还全是灰 不知道有什么用 ​
negative,🚬我一般奶茶的勺子我会留着外卖碰到这种勺子的时候用 ​
negative,原来这个勺子又有名字啊 我以前只是觉得它很难用 ​
negative,我真的好讨厌这种勺子 ​
negative,这玩意儿都要造假，真没心吃饭真的很影响心情 ​
negative,吃汤面之类的东西也就算了，吃拌饭炒饭也用液体勺能盛起什么东西啊我请问呢 ​
positive,基本不太点外卖 ​
negative,这种勺子我真的超讨厌！！！又软又没有还不如用一次性杯子 ​
positive,【花花绿绿的吸管、烧烤用的铝箔……食品包装安全9大陷阱，你应该知道！】精美的食品离不开包装。教你避开食品包装安全九个“陷阱”↓转起！健康无小事！ ​ ​​​
negative,之前点的烤肉拌饭给的这个勺子 我都服了 ​
negative,我也讨厌，尤其挖饭吃的时候真的很无语=_= ​
negative,真的超级讨厌 巨不好用 ​
negative,自备勺子吧！别用外卖的勺子！ ​
positive,【超实用！九图教你看懂“食品标签”的小秘密】 食品包装上，果汁和果汁饮料怎么分辨？牛奶和调味奶有啥区别？如何看懂饮料的营养成分表？戳图↓↓ 一起了解食品标签的秘密 ​​​！ ​​​
positive,原来这叫液体勺啊，今天我就点到啦，我真服了黄焖鸡米饭勺子很软，就靠筷子扒拉 ​
positive,我同桌今天刚和我说讨厌这个勺子 我说这个勺子是养胃勺没人有意见吧 ​
negative,光看见就已经开始生气了 ​
negative,这种勺子又脏又软，都是回收的塑料垃圾做的，因为垃圾是五颜六色的，所以做成黑色的让人看不出来，所以我吃外卖都自备勺子 ​
positive,古茗的勺子🥄好用 ​
negative,真的讨厌这样软软的家伙来吃饭，这样制作是因为它有环保作用吗？ ​
positive,少点外卖，少用一次性餐具，减少塑料袋塑料包装使用，过低碳环保生活 ​
negative,液体勺就是那种软软的一碰就折的塑料勺子吗 ​
negative,遇到这种勺子真的想骂人还不如某些奶茶勺子呢 ​
negative,哎呦这种勺子就是很废啊有什么用啊 而且看起来就是那种塑料垃圾制成的 就很废物🙄 ​
negative,到底谁在生产这种勺子啊 一点也不好用 地陪是干啥的 ​
negative,我也超讨厌这种，根本蒯不上来一点东西鬼才设计 ​
negative,这种没法用，每次遇上只能用筷子！ ​
negative,我没遇到过这种 这咋用啊 ​
positive,确实 还有那种扁扁的筷子 ​
negative,这种真的不好用啊 ​
negative,生产这种勺子的意义在？ ​
negative,真的 不管是这种勺子还有有的餐巾纸 甚至筷子真的安全吗？一般在家或者在公司都选不用餐具环保也健康 ​
positive,嗯呢呗 是这样 ​
negative,很少点外卖，看到各种颜色的包装盒我就吃不下去，一想到滚烫的饭菜直接倒进这些盒子里我就难受，有些想吃的宁愿去店里堂食 ​
negative,一点都不好用，只能用筷子！ ​
positive,笑死我了哈哈哈哈哈哈哈哈哈哈，没遇见过 ​
negative,这种真的太软了 特别难用 ​
negative,是的 这勺子根本就没法用 软塌塌的啥也盛不起来 ​
negative,哈哈，我现在点外卖都不配餐具，，我用一次就不想用了，太难了不好用 ​
negative,退！退！退！ ​
negative,真的很讨厌这种勺子，碰到那种热汤都软化了，根本吃不到东西 ​
negative,软塌塌的啥也撑不起来这种勺子真的很讨厌 ​
negative,确实每次吃饭都溅一身。 ​
positive,很容易断，我还是喜欢那种硬硬的勺子 ​
positive,建议外卖勺子都按照这个标准搞 ​
negative,真的很难用，外卖的黑色勺子能不能消失，吃到嘴里感觉也有毒的样子，我还是喜欢古茗的勺子 ​
negative,别用外卖给的又脏又脆的黑色塑料勺，黑色的一次性塑料餐具，相比于白色或透明的塑料勺，不干净的概率更大。这是因为这些餐具一般是添加了回收塑料的，颜色光泽杂乱，因此会用染黑的方式掩盖缺陷。仔细看那些黑色塑料勺，就会发现上面都是细小的灰尘！所以外卖党最好自备餐 ​
                    别用外卖给的又脏又脆的黑色塑料勺，黑色的一次性塑料餐具，相比于白色或透明的塑料勺，不干净的概率更大。这是因为这些餐具一般是添加了回收塑料的，颜色光泽杂乱，因此会用染黑的方式掩盖缺陷。仔细看那些黑色塑料勺，就会发现上面都是细小的灰尘！所以外卖党最好自备餐具，就算迫不得已要用这些黑色餐具，也要用纸巾擦一擦哦！
negative,这个勺子有啥用啊，干的舀不起来汤水更不行😫我点外卖就自备筷勺。 ​
negative,看到这种黑色的勺子直接就扔了，黑色塑料质量太差。 ​
positive,确实 挖什么都挖不上来搞人心态 ​
positive,原来这个勺子竟然还有名字啊还叫液体勺 ​
negative,我每次点外卖都选择“不需要餐具” 但是每次都还是会给我送餐具 ​
positive,好了，明天知道给自己点麻辣香锅了。。 ​
negative,谁懂 我每次点外卖几乎都是这种勺子 ​
positive,我还是第一次知道这勺子叫这个名 ​
positive,谁研究的是不是没吃过饭 ​
positive,这种勺子最多吃个米饭 ​
negative,到底是谁在用这种勺子，建议停产 ​
negative,我也讨厌，最主要是点盖饭的话是液体勺真的很无语 ​
negative,真是受不了 设计的这么软啥也吃不到 ​
negative,拿到这种勺子也根本不敢用，很怀疑这个塑料是非食品级的 ​
negative,真的筷啥都费劲 ​
negative,根本不敢用力，怕一下子折了 ​
negative,这个勺好难用🥹 ​
negative,好吧好吧好吧好吧好吧好吧好吧好吧好吧好吧好吧好吧好吧好吧好吧好吧好吧好吧好吧好吧好吧好吧好吧好吧好吧好吧好吧好吧好吧好吧好吧好吧好吧好吧好吧 ​
positive,能让我完整的吃完饭我都谢天谢地了 ​
negative,这种勺子根本吃不了饭！！ ​
negative,没错！！！特别是吃面的时候对于我这种爱喝汤人士很不友好 所以我都是拿自家勺子吃 ​
negative,点了，这种勺子真的不好用，而且不卫生 ​
negative,我，封银沙，从小就被称为怪人，医生已经预言我的左眼到了十八岁就会彻底失明，如果没有遇到香菱的话，我可能早就不想苟活于世了 ​
negative,跟我做人一样就这么软一辈子，不想让我吃上外卖就直说 ​
negative,生产的人该被绞杀。 ​
negative,晚上饿了，想买点外卖填填肚子。结果被妈妈好一顿浇冷水……说外卖油大不健康，姥姥还跟着附和。唉，说的我不想吃了。 ​
positive,因为这勺子还有一股味儿一不小心就会喷油什么的 很难使用不如硬的 ​哇真的好厉害啊，不过这个标题起的不好容易让人误会 ​​​
negative,太搞笑了，听来了一遍歌词就记住了，还我妈生鼻，还我小翘鼻～ ​​​没错！我特讨厌 我爱喝汤 这个汤喝不了一点。。。 ​
positive,还好我一般都使用筷子吃，网传塑料勺子遇热容易致癌来瞅瞅飞行的外卖员吧祝大伙晚安啦   ​
negative,液体勺 不喜欢 盛个东西都盛不起来
negative,我懂这种黑色塑料勺真的特别不好用 ​
negative,我也讨厌这种 ​
negative,点进来前：啥玩意，现在的勺子进化成液体的了？？？点进来后：好家伙，我也讨厌这种勺子。 ​
negative,真的很难用！我只要在家我都不用 ​
negative,暂时只有蒙自源的勺子会好一点，其他店的外卖不是没有勺子就是配的这种液体勺。 ​
negative,特难用 铲饭铲不下去 ​
negative,点到就是倒霉这种勺子质量有问题，遇热不会致癌吗？ ​
negative,这样的勺子一用力直接罢工 ​
positive,哈哈哈哈哈这种软乎乎的勺子 根本用不动 ​
positive,还好我每次都选环保无需餐具 ​
negative,一直讨厌这种液体勺 ​
positive,还有那个掰开的筷子 每次那个竹签都会扎手里 ​
negative,汤汤水水的外卖我都不想点，一想到装热汤的包装盒是塑料的就后怕。 ​
negative,。。。这种其实也不健康吧。。。 ​
negative,可是大部分商家都是这种勺 ​
negative,我从来不用这个勺，不仅软卫生也不达标。。 ​
negative,对啊咋这样
negative,这勺子用来喝汤我都怕漏一地，用来吃饭根本舀不到一点啊 到底是谁发明出这个美丽但无用的液体勺的…… ​
negative,原来叫液体勺 巨难用 ​
negative,每次用这个我都能破防 ​
negative,唉不是 才八岁啊 到底犯了什么滔天罪行让你奸杀还抛尸 有王法吗天下 你是怎么下得去手的啊 我的天 脑洞开大 真的无法想象这种人赶紧判死刑吧 法律请公平审判 这勺子用来喝汤我都怕漏一地用来吃饭根本舀不到一点啊到底是谁发明出这个美丽
negative,似乎每次都是我主动找你，你好像一直都是一块捂不热的冰块，你的沉默好似唇枪舌战，让我觉得万箭穿心，故事人非事事休，欲语......泪先流。 ​
positive,干脆每次选择不要餐具，直接用自己的大铁勺，健康又环保 ​
negative,你经常吃外卖吗？点到过“液体勺”吗？对此，你有什么想法？  ​
positive,晚安注意哦～  ​
negative,已经自备不锈钢筷勺好久了！一次性餐具都是不干净不卫生的。 ​
positive,液体勺是什么 ​
positive,有些时候我就自己拿个勺 ​
positive,最好笑的是还有买西瓜配这种勺子🥄，挖不动一点 ​
negative,不点外卖人士表示根本就没有这种烦恼 ​
positive,【什么是微塑料？它是怎么悄悄进身体？对人体有哪些影响？】戳图了解via生命时报，相关知识了解一下 ​
positive,吃个炒米饭我恨不得用手抓 ​
positive,看了一圈这个话题，艾玛馋了想吃外卖了麻辣烫老式东北麻辣拌脆皮鸡饭烤肉饭咖喱饭肥牛饭黑鱼花冷面凉皮煎饼烤冷面鳗鱼饭……太多了好饿 ​
positive,补药这种勺子啊 ​
negative,就是！我也是这样真的很讨厌不能给别的吗这个这么软怎么用啊 ​
positive,厉害了我的哥  确实又软烫一下还不行
positive,天呐，太幸福了吧，祝九九 ​​​ 是的是的
negative,经常遇到这样的勺子，果断直接扔了…… ​
positive,每次点外卖备注不要餐具都会收到餐具 ​
negative,用这种勺子的商家有没有良心呢。 ​
positive,还不如自己在家做饭，想吃什么做什么  ​
positive,晚安注意哦～ ​
negative,点外卖就是不想洗碗，还让我用自己的勺子吗！！！ ​
negative,尽量不用这个  看着就嫌弃 ​
positive,凡事皆利于我 ​​​
negative,笑死了啊啊啊 妈生鼻最讨厌这种勺子了除了喝汤屁用没有
negative,每次点到那种硬点的勺子都恨不得留下来以后继续用 ​
negative,每次点外卖给我这种勺子我都直接扔掉 我请问呢它的受众是谁 ​
negative,要是不想送勺子，商家就别送了，开开心心吃顿饭，结果碰上这种液体勺，好心情都没了 ​
negative,不是 没看见过这种勺子的生产场景吗？ 这多脏啊 怎么还会有人用 还会有人把它放进饭里舀饭，这种吃一口全是毒啊 ​
positive,这个真的给我整笑了  真的好液啊！哈哈哈（来源：炸串小刘）  ​
positive,“每次用这个勺子挖东西的时候，看它颤颤巍巍的样子，我都怀疑是我得了帕金森综合症。”真的会被这评论笑死 ​
negative,这勺子不仅让人吃不到任何东西，它还臭臭的，到底谁在一直坚持送这种餐具给消费者 ​
negative,生产这种勺子的人以后都只准用这种勺子吃饭……   ​






